Refdate;Product;ISIN;Country; Outstanding ; Px_Mid ; Country_Weight ; PP ; SP ;;; Ponderado Pais ;;
11/08/2020;AESGEN 4 7/8 05/25/29;USP3713QAA50;Chile; 388,401,700.00 ; 106.95 ; 0.30 ; 0.30 ; 0.16 ;;;BZ; 108.23 ;0.7
11/08/2020;AESGEN 4.56 04/30/25;USP3711HAF66;Chile; 500,000,000.00 ; 82.90 ; 0.30 ; 0.30 ; 0.16 ;;;LATAM; 97.18 ;0.3
11/08/2020;AESGEN 5 07/14/25;USP0607LAB91;Chile; 117,488,000.00 ; 97.77 ; 0.30 ; 0.08 ; 0.04 ;;;;; 104.91 
11/08/2020;ALFAA 5 1/4 03/25/24;USP0156PAB50;Mexico; 500,000,000.00 ; 108.10 ; 0.30 ; 0.39 ; 0.21 ;;;;;
11/08/2020;ALFAA 6 7/8 03/25/44;USP0156PAC34;Mexico; 500,000,000.00 ; 117.53 ; 0.30 ; 0.42 ; 0.23 ;;;;;
11/08/2020;ALIPE 3 7/8 03/20/23;USP0161KDN02;Peru; 62,282,000.00 ; 98.70 ; 0.30 ; 0.04 ; 0.02 ;;;Sem Ponderar;;
11/08/2020;ALPEKA 4 1/2 11/20/22;USP01703AA82;Mexico; 650,000,000.00 ; 103.99 ; 0.30 ; 0.49 ; 0.26 ;;; 102.31 ;;
11/08/2020;ALPEKA 5 3/8 08/08/23;USP01703AB65;Mexico; 300,000,000.00 ; 106.88 ; 0.30 ; 0.23 ; 0.12 ;;;;;
11/08/2020;AVALCB 4 3/4 09/26/22;USG42045AB32;Colombia; 1,000,000,000.00 ; 102.96 ; 0.30 ; 0.74 ; 0.40 ;;;;;
11/08/2020;BANBOG 4 3/8 08/03/27;USP09252AM29;Colombia; 600,000,000.00 ; 104.51 ; 0.30 ; 0.45 ; 0.24 ;;;;;
11/08/2020;BANBOG 5 3/8 02/19/23;USP09252AC47;Colombia; 500,000,000.00 ; 105.28 ; 0.30 ; 0.38 ; 0.20 ;;;;;
11/08/2020;BANBOG 6 1/4 05/12/26;USP09252AK62;Colombia; 1,100,000,000.00 ; 106.84 ; 0.30 ; 0.84 ; 0.45 ;;;;;
11/08/2020;BANGAN 4 7/8 04/21/25;USP1024TAN92;Colombia; 400,000,000.00 ; 105.92 ; 0.30 ; 0.30 ; 0.16 ;;;;;
11/08/2020;BANORT 5 3/4 10/04/31;USP14008AC36;Mexico; 294,219,000.00 ; 101.01 ; 0.30 ; 0.21 ; 0.11 ;;;;;
11/08/2020;BANORT 6 7/8 PERP;USP14008AD19;Mexico; 350,000,000.00 ; 97.96 ; 0.30 ; 0.25 ; 0.13 ;;;;;
11/08/2020;BANORT 7 5/8 PERP;USP14008AE91;Mexico; 550,000,000.00 ; 97.78 ; 0.30 ; 0.39 ; 0.21 ;;;;;
11/08/2020;BBVASM 5.35 11/12/29;USP16259AL02;Mexico; 200,000,000.00 ; 98.71 ; 0.30 ; 0.14 ; 0.08 ;;;;;
11/08/2020;BBVASM 6 3/4 09/30/22;USP16259AH99;Mexico; 1,500,000,000.00 ; 109.14 ; 0.30 ; 1.18 ; 0.63 ;;;;;
11/08/2020;BCGBK 6 3/4 03/15/23;USP31925AD54;Chile; 500,000,000.00 ; 34.19 ; 0.30 ; 0.12 ; 0.07 ;;;;;
11/08/2020;BCOCPE 5 1/4 09/22/29;USP16236AG98;Peru; 300,000,000.00 ; 109.44 ; 0.30 ; 0.24 ; 0.13 ;;;;;
11/08/2020;BCOLO 4 7/8 10/18/27;US05968LAK89;Colombia; 750,000,000.00 ; 98.93 ; 0.30 ; 0.53 ; 0.29 ;;;;;
11/08/2020;BCOLO 5 1/8 09/11/22;US05968LAH50;Colombia; 694,273,000.00 ; 105.25 ; 0.30 ; 0.53 ; 0.28 ;;;;;
11/08/2020;BCP 6 1/8 04/24/27;USP09646AE32;Peru; 294,700,000.00 ; 105.35 ; 0.30 ; 0.22 ; 0.12 ;;;;;
11/08/2020;BCP 6 7/8 09/16/26;USP09646AD58;Peru; 181,505,000.00 ; 105.82 ; 0.30 ; 0.14 ; 0.07 ;;;;;
11/08/2020;BFALA 3 3/4 04/30/23;USP82290AA81;Chile; 500,000,000.00 ; 103.84 ; 0.30 ; 0.37 ; 0.20 ;;;;;
11/08/2020;BFALA 3 3/4 10/30/27;USP82290AR17;Chile; 400,000,000.00 ; 104.61 ; 0.30 ; 0.30 ; 0.16 ;;;;;
11/08/2020;BFALA 4 3/8 01/27/25;USP82290AG51;Chile; 400,000,000.00 ; 107.16 ; 0.30 ; 0.31 ; 0.17 ;;;;;
11/08/2020;BIMBOA 3 7/8 06/27/24;USP4949BAJ37;Mexico; 800,000,000.00 ; 108.77 ; 0.30 ; 0.63 ; 0.34 ;;;;;
11/08/2020;BIMBOA 4 1/2 01/25/22;USP4949BAH70;Mexico; 800,000,000.00 ; 105.08 ; 0.30 ; 0.60 ; 0.32 ;;;;;
11/08/2020;BIMBOA 4 7/8 06/27/44;USP4949BAK00;Mexico; 500,000,000.00 ; 119.77 ; 0.30 ; 0.43 ; 0.23 ;;;;;
11/08/2020;BIMBOA 4.7 11/10/47;USP4R52QAC92;Mexico; 650,000,000.00 ; 117.75 ; 0.30 ; 0.55 ; 0.29 ;;;;;
11/08/2020;BINBUR 4 1/8 06/06/24;USP13296AL53;Mexico; 1,000,000,000.00 ; 104.14 ; 0.30 ; 0.75 ; 0.40 ;;;;;
11/08/2020;BINBUR 4 3/8 04/11/27;USP13296AM37;Mexico; 750,000,000.00 ; 104.17 ; 0.30 ; 0.56 ; 0.30 ;;;;;
11/08/2020;BINTPE 6 5/8 03/19/29;USP13435AA33;Peru; 300,000,000.00 ; 110.07 ; 0.30 ; 0.24 ; 0.13 ;;;;;
11/08/2020;CELARA 3 7/8 11/02/27;US151191BB89;Chile; 469,890,000.00 ; 106.36 ; 0.30 ; 0.36 ; 0.19 ;;;;;
11/08/2020;CELARA 4 1/2 08/01/24;US151191AZ66;Chile; 500,000,000.00 ; 109.05 ; 0.30 ; 0.39 ; 0.21 ;;;;;
11/08/2020;CELARA 4 3/4 01/11/22;US151191AW36;Chile; 124,599,000.00 ; 104.10 ; 0.30 ; 0.09 ; 0.05 ;;;;;
11/08/2020;CELARA 5 1/2 11/02/47;US151191BD46;Chile; 378,325,000.00 ; 109.67 ; 0.30 ; 0.30 ; 0.16 ;;;;;
11/08/2020;CELEO 5.2 06/22/47;USP22008AA72;Chile; 368,903,300.00 ; 111.67 ; 0.30 ; 0.30 ; 0.16 ;;;;;
11/08/2020;CEMEX 7.7 07/21/25;USU7665RAA69;Mexico; 149,897,000.00 ; 107.50 ; 0.30 ; 0.12 ; 0.06 ;;;;;
11/08/2020;CENSUD 4 3/8 07/17/27;USP2205JAQ33;Chile; 974,789,000.00 ; 104.63 ; 0.30 ; 0.73 ; 0.39 ;;;;;
11/08/2020;CENSUD 5.15 02/12/25;USP2205JAK62;Chile; 524,346,000.00 ; 108.40 ; 0.30 ; 0.41 ; 0.22 ;;;;;
11/08/2020;CENSUD 6 5/8 02/12/45;USP2205JAL46;Chile; 350,000,000.00 ; 115.03 ; 0.30 ; 0.29 ; 0.16 ;;;;;
11/08/2020;CFELEC 4 3/4 02/23/27;USP29595AB42;Mexico; 1,000,000,000.00 ; 106.83 ; 0.30 ; 0.77 ; 0.41 ;;;;;
11/08/2020;CFELEC 4 7/8 01/15/24;USP30179AM09;Mexico; 1,250,000,000.00 ; 106.65 ; 0.30 ; 0.96 ; 0.51 ;;;;;
11/08/2020;CFELEC 5 3/4 02/14/42;USP30179AK43;Mexico; 750,000,000.00 ; 110.51 ; 0.30 ; 0.60 ; 0.32 ;;;;;
11/08/2020;CFELEC 6 1/8 06/16/45;USP30179AR95;Mexico; 700,000,000.00 ; 117.56 ; 0.30 ; 0.59 ; 0.32 ;;;;;
11/08/2020;CMPCCI 4 1/2 04/25/22;USP58073AA84;Chile; 500,000,000.00 ; 104.36 ; 0.30 ; 0.38 ; 0.20 ;;;;;
11/08/2020;CMPCCI 4 3/4 09/15/24;USP58072AK83;Chile; 500,000,000.00 ; 109.37 ; 0.30 ; 0.39 ; 0.21 ;;;;;
11/08/2020;CMPCCI 4 3/8 04/04/27;USP58072AL66;Chile; 500,000,000.00 ; 110.39 ; 0.30 ; 0.40 ; 0.21 ;;;;;
11/08/2020;CMPCCI 4 3/8 05/15/23;USP58072AG71;Chile; 500,000,000.00 ; 106.07 ; 0.30 ; 0.38 ; 0.20 ;;;;;
11/08/2020;COFIDE 5 1/4 07/15/29;USP3R94GAA71;Peru; 300,000,000.00 ; 106.61 ; 0.30 ; 0.23 ; 0.12 ;;;;;
11/08/2020;CPACPE 4 1/2 02/08/23;USP2194PAA77;Peru; 131,612,000.00 ; 101.19 ; 0.30 ; 0.10 ; 0.05 ;;;;;
11/08/2020;CREAL 7 1/4 07/20/23;USP32457AA44;Mexico; 426,903,000.00 ; 94.44 ; 0.30 ; 0.29 ; 0.16 ;;;;;
11/08/2020;CREAL 9 1/8 PERP;USP32457AB27;Mexico; 230,000,000.00 ; 81.52 ; 0.30 ; 0.13 ; 0.07 ;;;;;
11/08/2020;CREDVA 9 3/4 07/27/22;USP32086AL73;Colombia; 170,315,000.00 ; 80.44 ; 0.30 ; 0.10 ; 0.05 ;;;;;
11/08/2020;DAVIVI 5 7/8 07/09/22;USP0918ZAX44;Colombia; 500,000,000.00 ; 106.12 ; 0.30 ; 0.38 ; 0.20 ;;;;;
11/08/2020;ECOPET 4 1/8 01/16/25;US279158AK55;Colombia; 1,200,000,000.00 ; 106.65 ; 0.30 ; 0.92 ; 0.49 ;;;;;
11/08/2020;ECOPET 5 3/8 06/26/26;US279158AL39;Colombia; 1,500,000,000.00 ; 112.56 ; 0.30 ; 1.21 ; 0.65 ;;;;;
11/08/2020;ECOPET 5 7/8 05/28/45;US279158AJ82;Colombia; 2,000,000,000.00 ; 118.15 ; 0.30 ; 1.70 ; 0.91 ;;;;;
11/08/2020;ECOPET 5 7/8 09/18/23;US279158AC30;Colombia; 1,800,000,000.00 ; 111.43 ; 0.30 ; 1.44 ; 0.77 ;;;;;
11/08/2020;ECOPET 7 3/8 09/18/43;US279158AE95;Colombia; 850,000,000.00 ; 133.50 ; 0.30 ; 0.82 ; 0.44 ;;;;;
11/08/2020;ELMTIA 5 1/2 01/15/25;USP3713LAA63;Mexico; 425,000,000.00 ; 91.15 ; 0.30 ; 0.28 ; 0.15 ;;;;;
11/08/2020;ENTEL 4 3/4 08/01/26;USP37115AF26;Chile; 800,000,000.00 ; 110.11 ; 0.30 ; 0.63 ; 0.34 ;;;;;
11/08/2020;ENTEL 4 7/8 10/30/24;USP37115AE50;Chile; 1,000,000,000.00 ; 107.79 ; 0.30 ; 0.77 ; 0.42 ;;;;;
11/08/2020;FENIPE 4.317 09/20/27;USP40070AB35;Peru; 314,000,000.00 ; 100.17 ; 0.30 ; 0.23 ; 0.12 ;;;;;
11/08/2020;FUNOTR 5 1/4 01/30/26;USP9406GAC26;Mexico; 500,000,000.00 ; 105.52 ; 0.30 ; 0.38 ; 0.20 ;;;;;
11/08/2020;FUNOTR 5 1/4 12/15/24;USP9406GAA69;Mexico; 600,000,000.00 ; 107.30 ; 0.30 ; 0.46 ; 0.25 ;;;;;
11/08/2020;FUNOTR 6.95 01/30/44;USP9406GAB43;Mexico; 700,000,000.00 ; 108.61 ; 0.30 ; 0.55 ; 0.29 ;;;;;
11/08/2020;GNBSUD 6 1/2 04/03/27;USP1265VAD49;Colombia; 300,000,000.00 ; 102.70 ; 0.30 ; 0.22 ; 0.12 ;;;;;
11/08/2020;GNBSUD 7 1/2 07/30/22;USP1265VAA00;Colombia; 250,000,000.00 ; 105.92 ; 0.30 ; 0.19 ; 0.10 ;;;;;
11/08/2020;IFSPE 4 1/8 10/19/27;USP5626FAA05;Panama; 300,000,000.00 ; 101.16 ; 0.30 ; 0.22 ; 0.12 ;;;;;
11/08/2020;INKENE 5 7/8 11/09/27;USG4808VAC49;Peru; 600,000,000.00 ; 103.61 ; 0.30 ; 0.45 ; 0.24 ;;;;;
11/08/2020;KALLPA 4 1/8 08/16/27;USP2400PAA77;Peru; 650,000,000.00 ; 103.50 ; 0.30 ; 0.48 ; 0.26 ;;;;;
11/08/2020;KALLPA 4 7/8 05/24/26;USP6040KAB37;Peru; 350,000,000.00 ; 107.92 ; 0.30 ; 0.27 ; 0.15 ;;;;;
11/08/2020;LATAIR 4 1/2 11/15/23;US51817UAB52;Chile; 102,953,300.00 ; 55.94 ; 0.30 ; 0.04 ; 0.02 ;;;;;
11/08/2020;LATAIR 4.2 11/15/27;US51817TAB89;Chile; 646,731,700.00 ; 87.47 ; 0.30 ; 0.41 ; 0.22 ;;;;;
11/08/2020;LATAIR 6 7/8 04/11/24;USG53770AB22;Chile; 700,000,000.00 ; 34.77 ; 0.30 ; 0.17 ; 0.09 ;;;;;
11/08/2020;MEXCAT 3 7/8 04/30/28;USP6629MAC66;Mexico; 700,000,000.00 ; 94.36 ; 0.30 ; 0.47 ; 0.25 ;;;;;
11/08/2020;MEXCAT 4 1/4 10/31/26;USP6629MAA01;Mexico; 700,010,000.00 ; 96.21 ; 0.30 ; 0.48 ; 0.26 ;;;;;
11/08/2020;MEXCAT 5 1/2 07/31/47;USP6629MAD40;Mexico; 2,100,004,000.00 ; 91.65 ; 0.30 ; 1.38 ; 0.74 ;;;;;
11/08/2020;MEXCAT 5 1/2 10/31/46;USP6629MAB83;Mexico; 700,000,000.00 ; 91.18 ; 0.30 ; 0.46 ; 0.25 ;;;;;
11/08/2020;MIICF 5 1/8 01/15/28;USL6388GAB60;Chile; 500,000,000.00 ; 105.60 ; 0.30 ; 0.38 ; 0.20 ;;;;;
11/08/2020;MILPOC 4 5/8 03/28/23;USP67848AA22;Peru; 128,470,000.00 ; 101.89 ; 0.30 ; 0.09 ; 0.05 ;;;;;
11/08/2020;MINSUR 6 1/4 02/07/24;USP6811TAA36;Peru; 450,000,000.00 ; 109.72 ; 0.30 ; 0.35 ; 0.19 ;;;;;
11/08/2020;MXCHF 4 10/04/27;USP57908AG32;Mexico; 500,000,000.00 ; 106.73 ; 0.30 ; 0.38 ; 0.21 ;;;;;
11/08/2020;MXCHF 4 7/8 09/19/22;USP57908AD01;Mexico; 750,000,000.00 ; 105.57 ; 0.30 ; 0.57 ; 0.31 ;;;;;
11/08/2020;MXCHF 5 1/2 01/15/48;USP57908AH15;Mexico; 500,000,000.00 ; 112.12 ; 0.30 ; 0.40 ; 0.22 ;;;;;
11/08/2020;MXCHF 5 7/8 09/17/44;USP57908AF58;Mexico; 750,000,000.00 ; 117.31 ; 0.30 ; 0.63 ; 0.34 ;;;;;
11/08/2020;MXCHF 6 3/4 09/19/42;USP57908AE83;Mexico; 400,000,000.00 ; 126.43 ; 0.30 ; 0.36 ; 0.19 ;;;;;
11/08/2020;NEXA 5 3/8 05/04/27;USP98118AA38;Peru; 700,000,000.00 ; 105.30 ; 0.30 ; 0.53 ; 0.28 ;;;;;
11/08/2020;PEMEX 3 1/2 01/30/23;US71654QBG64;Mexico; 1,143,938,000.00 ; 97.84 ; 0.30 ; 0.80 ; 0.43 ;;;;;
11/08/2020;PEMEX 4 1/2 01/23/26;US71654QBW15;Mexico; 1,374,839,000.00 ; 92.93 ; 0.30 ; 0.92 ; 0.49 ;;;;;
11/08/2020;PEMEX 4 1/4 01/15/25;US71654QBV32;Mexico; 788,456,000.00 ; 95.59 ; 0.30 ; 0.54 ; 0.29 ;;;;;
11/08/2020;PEMEX 4 5/8 09/21/23;US71654QCD25;Mexico; 895,444,000.00 ; 99.41 ; 0.30 ; 0.64 ; 0.34 ;;;;;
11/08/2020;PEMEX 4 7/8 01/18/24;US71654QBH48;Mexico; 1,031,954,000.00 ; 99.31 ; 0.30 ; 0.74 ; 0.39 ;;;;;
11/08/2020;PEMEX 4 7/8 01/24/22;US71654QBB77;Mexico; 639,371,000.00 ; 101.19 ; 0.30 ; 0.47 ; 0.25 ;;;;;
11/08/2020;PEMEX 5 1/2 06/27/44;US71654QBE17;Mexico; 793,715,000.00 ; 78.29 ; 0.30 ; 0.45 ; 0.24 ;;;;;
11/08/2020;PEMEX 5 5/8 01/23/46;US71654QBX97;Mexico; 943,914,000.00 ; 78.44 ; 0.30 ; 0.53 ; 0.29 ;;;;;
11/08/2020;PEMEX 5.35 02/12/28;USP78625DD22;Mexico; 20,417,000.00 ; 89.34 ; 0.30 ; 0.01 ; 0.01 ;;;;;
11/08/2020;PEMEX 6 1/2 03/13/27;US71656MBQ15;Mexico; 98,015,000.00 ; 97.26 ; 0.30 ; 0.07 ; 0.04 ;;;;;
11/08/2020;PEMEX 6 1/2 06/02/41;US71654QAZ54;Mexico; 1,560,521,000.00 ; 84.32 ; 0.30 ; 0.95 ; 0.51 ;;;;;
11/08/2020;PEMEX 6 3/4 09/21/47;US71654QCC42;Mexico; 5,998,233,000.00 ; 84.73 ; 0.30 ; 3.65 ; 1.96 ;;;;;
11/08/2020;PEMEX 6 3/8 01/23/45;US71654QBR20;Mexico; 1,560,481,000.00 ; 82.62 ; 0.30 ; 0.93 ; 0.50 ;;;;;
11/08/2020;PEMEX 6 5/8 06/15/35;US706451BG56;Mexico; 2,748,500,000.00 ; 88.40 ; 0.30 ; 1.75 ; 0.94 ;;;;;
11/08/2020;PEMEX 6 5/8 06/15/38;US706451BR12;Mexico; 491,175,000.00 ; 84.21 ; 0.30 ; 0.30 ; 0.16 ;;;;;
11/08/2020;PEMEX 6 5/8 PERP;US71656MAF68;Mexico; 1,000,000,000.00 ; 79.09 ; 0.30 ; 0.57 ; 0.30 ;;;;;
11/08/2020;PEMEX 6 7/8 08/04/26;US71654QCB68;Mexico; 2,969,774,000.00 ; 101.00 ; 0.30 ; 2.16 ; 1.16 ;;;;;
11/08/2020;PEMEX 6.35 02/12/48;USP78625DE05;Mexico; 5,123,000.00 ; 83.41 ; 0.30 ; 0.00 ; 0.00 ;;;;;
11/08/2020;PEMEX 8 5/8 02/01/22;US706451AG65;Mexico; 89,609,000.00 ; 107.33 ; 0.30 ; 0.07 ; 0.04 ;;;;;
11/08/2020;PEMEX 8 5/8 12/01/23;US706451BC43;Mexico; 63,705,000.00 ; 102.37 ; 0.30 ; 0.05 ; 0.03 ;;;;;
11/08/2020;PEMEX 9 1/2 09/15/27;US71654QAM42;Mexico; 102,149,000.00 ; 105.40 ; 0.30 ; 0.08 ; 0.04 ;;;;;
11/08/2020;POSADA 7 7/8 06/30/22;USP4983GAQ30;Mexico; 392,605,000.00 ; 43.97 ; 0.30 ; 0.12 ; 0.07 ;;;;;
11/08/2020;SMIPET 4 1/2 09/18/22;USP84523AB85;Peru; 300,000,000.00 ; 101.72 ; 0.30 ; 0.22 ; 0.12 ;;;;;
11/08/2020;TRANSM 4 3/8 05/07/23;USP3083SAC90;Peru; 450,000,000.00 ; 105.66 ; 0.30 ; 0.34 ; 0.18 ;;;;;
11/08/2020;UNIFIN 7 01/15/25;USP94461AC79;Mexico; 450,000,000.00 ; 78.52 ; 0.30 ; 0.25 ; 0.14 ;;;;;
11/08/2020;UNIFIN 7 1/4 09/27/23;USP94461AB96;Mexico; 400,000,000.00 ; 81.89 ; 0.30 ; 0.24 ; 0.13 ;;;;;
11/08/2020;UNIFIN 8 7/8 PERP;USP94461AD52;Mexico; 250,000,000.00 ; 65.09 ; 0.30 ; 0.12 ; 0.06 ;;;;;
11/08/2020;VOLCAN 5 3/8 02/02/22;USP98047AA42;Peru; 535,264,000.00 ; 96.60 ; 0.30 ; 0.37 ; 0.20 ;;;;;
11/08/2020;UNIFIN 7 3/8 02/12/26;USP94461AE36;Mexico; 300,000,000.00 ; 78.49 ; 0.30 ; 0.17 ; 0.09 ;;;;;
11/08/2020;BIMBOA 5.95 PERP;USP4949BAN49;Mexico; 500,000,000.00 ; 105.29 ; 0.30 ; 0.38 ; 0.20 ;;;;;
11/08/2020;PEMEX 6 1/2 01/23/29;USP78625DV20;Mexico; 22,837,000.00 ; 94.30 ; 0.30 ; 0.02 ; 0.01 ;;;;;
11/08/2020;LATAIR 7 03/01/26;USG53770AC05;Chile; 800,000,000.00 ; 34.78 ; 0.30 ; 0.20 ; 0.11 ;;;;;
11/08/2020;AESGEN 7 1/8 03/26/79;USP0607LAC74;Chile; 550,000,000.00 ; 104.18 ; 0.30 ; 0.41 ; 0.22 ;;;;;
11/08/2020;BISTPP 3.65 09/19/22;USP15383AC95;Panama; 500,000,000.00 ; 101.18 ; 0.30 ; 0.36 ; 0.19 ;;;;;
11/08/2020;PEMEX 6 1/2 01/23/29;US71654QCP54;Mexico; 1,977,163,000.00 ; 94.22 ; 0.30 ; 1.34 ; 0.72 ;;;;;
11/08/2020;PEMEX 6 1/2 03/13/27;US71654QCG55;Mexico; 5,401,550,000.00 ; 97.26 ; 0.30 ; 3.78 ; 2.02 ;;;;;
11/08/2020;FUNOTR 6.39 01/15/50;USP9401CAB83;Mexico; 600,000,000.00 ; 102.17 ; 0.30 ; 0.44 ; 0.24 ;;;;;
11/08/2020;FUNOTR 4.869 01/15/30;USP9401CAA01;Mexico; 400,000,000.00 ; 100.71 ; 0.30 ; 0.29 ; 0.16 ;;;;;
11/08/2020;UNIFIN 8 3/8 01/27/28;US90471MAA09;Mexico; 450,000,000.00 ; 78.56 ; 0.30 ; 0.25 ; 0.14 ;;;;;
11/08/2020;BBVASM 5 1/8 01/18/33;USP16259AM84;Mexico; 1,000,000,000.00 ; 95.28 ; 0.30 ; 0.68 ; 0.37 ;;;;;
11/08/2020;PENOMX 4.15 09/12/29;USP55409AA77;Mexico; 550,000,000.00 ; 108.81 ; 0.30 ; 0.43 ; 0.23 ;;;;;
11/08/2020;PENOMX 5.65 09/12/49;USP55409AB50;Mexico; 550,000,000.00 ; 120.25 ; 0.30 ; 0.48 ; 0.25 ;;;;;
11/08/2020;BBVASM 5 7/8 09/13/34;USP16259AN67;Mexico; 750,000,000.00 ; 99.73 ; 0.30 ; 0.54 ; 0.29 ;;;;;
11/08/2020;PEMEX 6.35 02/12/48;US71654QCL41;Mexico; 2,879,415,000.00 ; 81.88 ; 0.30 ; 1.69 ; 0.91 ;;;;;
11/08/2020;ALPEKA 4 1/4 09/18/29;USP01703AC49;Mexico; 500,000,000.00 ; 102.50 ; 0.30 ; 0.37 ; 0.20 ;;;;;
11/08/2020;PEMEX 6.84 01/23/30;USP78625DX85;Mexico; 4,420,831,000.00 ; 95.28 ; 0.30 ; 3.03 ; 1.62 ;;;;;
11/08/2020;PEMEX 7.69 01/23/50;USP78625DY68;Mexico; 8,066,405,000.00 ; 90.93 ; 0.30 ; 5.27 ; 2.83 ;;;;;
11/08/2020;PEMEX 5.35 02/12/28;US71654QCK67;Mexico; 2,479,583,000.00 ; 90.12 ; 0.30 ; 1.61 ; 0.86 ;;;;;
11/08/2020;CALLAO 4 3/8 04/01/23;USP47113AA63;Peru; 320,000,000.00 ; 105.69 ; 0.30 ; 0.24 ; 0.13 ;;;;;
11/08/2020;TRAGSA 5.55 11/01/28;USP93077AC28;Colombia; 750,000,000.00 ; 112.32 ; 0.30 ; 0.61 ; 0.32 ;;;;;
11/08/2020;BANORT 7 1/2 PERP;USP1400MAB48;Mexico; 500,000,000.00 ; 97.55 ; 0.30 ; 0.35 ; 0.19 ;;;;;
11/08/2020;CELARA 5 1/2 04/30/49;USP2195VAQ88;Chile; 500,000,000.00 ; 109.63 ; 0.30 ; 0.39 ; 0.21 ;;;;;
11/08/2020;CELARA 4 1/4 04/30/29;USP2195VAP06;Chile; 500,000,000.00 ; 106.52 ; 0.30 ; 0.38 ; 0.21 ;;;;;
11/08/2020;CELARA 5.15 01/29/50;USP2195VAS45;Chile; 500,000,000.00 ; 105.66 ; 0.30 ; 0.38 ; 0.20 ;;;;;
11/08/2020;CELARA 4.2 01/29/30;USP2195VAR61;Chile; 500,000,000.00 ; 106.91 ; 0.30 ; 0.38 ; 0.21 ;;;;;
11/08/2020;BIMBOA 4 09/06/49;USP4949BAP96;Mexico; 600,000,000.00 ; 106.94 ; 0.30 ; 0.46 ; 0.25 ;;;;;
11/08/2020;CREAL 9 1/2 02/07/26;USP32466AA50;Mexico; 400,000,000.00 ; 95.82 ; 0.30 ; 0.28 ; 0.15 ;;;;;
11/08/2020;CEMEX 5.45 11/19/29;USP2253TJN02;Mexico; 1,000,000,000.00 ; 101.87 ; 0.30 ; 0.73 ; 0.39 ;;;;;
11/08/2020;BAKIDE 7.45 11/15/29;USP1850NAA92;Mexico; 900,000,000.00 ; 94.93 ; 0.30 ; 0.61 ; 0.33 ;;;;;
11/08/2020;BCOLO 4 5/8 12/18/29;US05968LAL62;Colombia; 550,000,000.00 ; 97.00 ; 0.30 ; 0.38 ; 0.21 ;;;;;
11/08/2020;EEPPME 4 1/4 07/18/29;USP9379RBA43;Colombia; 1,000,000,000.00 ; 102.79 ; 0.30 ; 0.74 ; 0.40 ;;;;;
11/08/2020;CEMEX 7 3/8 06/05/27;USP2253TJP59;Mexico; 1,000,000,000.00 ; 108.61 ; 0.30 ; 0.78 ; 0.42 ;;;;;
11/08/2020;BISTPP 4 1/4 07/31/27;USP15383CD50;Panama; 400,000,000.00 ; 99.66 ; 0.30 ; 0.29 ; 0.15 ;;;;;
11/08/2020;CMPCCI 3.85 01/13/30;USP58072AS10;Chile; 500,000,000.00 ; 106.75 ; 0.30 ; 0.38 ; 0.21 ;;;;;
11/08/2020;GEBCB 4 7/8 05/15/30;USP4R53VAA13;Colombia; 400,000,000.00 ; 110.27 ; 0.30 ; 0.32 ; 0.17 ;;;;;
11/08/2020;AVALCB 4 3/8 02/04/30;USG42045AC15;Colombia; 1,000,000,000.00 ; 98.39 ; 0.30 ; 0.71 ; 0.38 ;;;;;
11/08/2020;PENOMX 4 3/4 08/06/50;USP55409AC34;Mexico; 500,000,000.00 ; 107.95 ; 0.30 ; 0.39 ; 0.21 ;;;;;
11/08/2020;NEXA 6 1/2 01/18/28;USL67359AA48;Peru; 500,000,000.00 ; 110.86 ; 0.30 ; 0.40 ; 0.21 ;;;;;
11/08/2020;TELEFO 4.95 07/17/30;USP28768AC69;Colombia; 500,000,000.00 ; 105.61 ; 0.30 ; 0.38 ; 0.20 ;;;;;
11/08/2020;OCENSA 4 07/14/27;USP7358RAD81;Colombia; 500,000,000.00 ; 104.34 ; 0.30 ; 0.38 ; 0.20 ;;;;;
11/08/2020;CYDSA 6 1/4 10/04/27;USP3R26HAA81;Mexico; 450,000,000.00 ; 103.38 ; 0.30 ; 0.33 ; 0.18 ;;;;;
11/08/2020;GEOPAR 6 1/2 09/21/24;USG38327AA30;Colombia; 425,000,000.00 ; 96.50 ; 0.30 ; 0.29 ; 0.16 ;;;;;
11/08/2020;AERMEX 7 02/05/25;USP0096BAA19;Mexico; 400,000,000.00 ; 21.38 ; 0.30 ; 0.06 ; 0.03 ;;;;;
11/08/2020;CSOLNO 6 02/03/27;USP19189AE26;Peru; 350,000,000.00 ; 99.19 ; 0.30 ; 0.25 ; 0.13 ;;;;;
11/08/2020;WOMCHI 6 7/8 11/26/24;USL5831KAA45;Chile; 510,000,000.00 ; 103.67 ; 0.30 ; 0.38 ; 0.20 ;;;;;
11/08/2020;GFMEGA 8 1/4 02/11/25;USP73699BH55;Mexico; 350,000,000.00 ; 88.09 ; 0.30 ; 0.22 ; 0.12 ;;;;;
11/08/2020;ALPHSA 9 02/10/25;USP1000TAB37;Mexico; 400,000,000.00 ; 82.26 ; 0.30 ; 0.24 ; 0.13 ;;;;;
11/08/2020;CREDVA 8 7/8 02/07/25;USP32086AR44;Colombia; 300,000,000.00 ; 75.16 ; 0.30 ; 0.16 ; 0.09 ;;;;;
11/08/2020;PEMEX 6.95 01/28/60;USP78625EB56;Mexico; 3,800,000,000.00 ; 84.69 ; 0.30 ; 2.31 ; 1.24 ;;;;;
11/08/2020;PEMEX 5.95 01/28/31;USP78625EA73;Mexico; 3,800,000,000.00 ; 88.66 ; 0.30 ; 2.42 ; 1.30 ;;;;;
11/08/2020;BANORT 8 3/8 PERP;USP1400MAC21;Mexico; 500,000,000.00 ; 102.77 ; 0.30 ; 0.37 ; 0.20 ;;;;;
11/08/2020;BANORT 6 3/4 PERP;USP1400MAA64;Mexico; 600,000,000.00 ; 97.27 ; 0.30 ; 0.42 ; 0.22 ;;;;;
11/08/2020;AEGEBZ 5 3/4 10/10/24;USP01014AA03;Brazil; 400,000,000.00 ; 104.54 ; 0.70 ; 0.35 ; 0.16 ;;;;;
11/08/2020;ALLLBZ 5 7/8 01/18/25;USL79090AB95;Brazil; 500,000,000.00 ; 106.15 ; 0.70 ; 0.44 ; 0.20 ;;;;;
11/08/2020;ATENTO 6 1/8 08/10/22;USL0427PAA41;Brazil; 400,000,000.00 ; 95.09 ; 0.70 ; 0.32 ; 0.15 ;;;;;
11/08/2020;AZULBZ 5 7/8 10/26/24;USU0551UAA17;Brazil; 400,000,000.00 ; 58.69 ; 0.70 ; 0.19 ; 0.09 ;;;;;
11/08/2020;BANBRA 3 7/8 10/10/22;US05958AAJ79;Brazil; 1,809,700,000.00 ; 103.21 ; 0.70 ; 1.55 ; 0.72 ;;;;;
11/08/2020;BANBRA 4 5/8 01/15/25;USP3772WAH53;Brazil; 1,000,000,000.00 ; 106.79 ; 0.70 ; 0.89 ; 0.41 ;;;;;
11/08/2020;BANBRA 5 7/8 01/19/23;USP3772WAE23;Brazil; 741,115,000.00 ; 107.59 ; 0.70 ; 0.66 ; 0.31 ;;;;;
11/08/2020;BANBRA 5 7/8 01/26/22;USG07402DN01;Brazil; 1,490,000,000.00 ; 104.94 ; 0.70 ; 1.30 ; 0.60 ;;;;;
11/08/2020;BANBRA 6 1/4 PERP;USG07402DP58;Brazil; 1,950,000,000.00 ; 97.37 ; 0.70 ; 1.58 ; 0.73 ;;;;;
11/08/2020;BANBRA 9 1/4 PERP;USP3772WAC66;Brazil; 1,285,950,000.00 ; 112.12 ; 0.70 ; 1.20 ; 0.56 ;;;;;
11/08/2020;BANBRA 9 PERP;USP3772WAF97;Brazil; 2,150,000,000.00 ; 111.84 ; 0.70 ; 2.00 ; 0.93 ;;;;;
11/08/2020;BANSAF 4 1/8 02/08/23;US05964TAQ22;Brazil; 500,000,000.00 ; 103.07 ; 0.70 ; 0.43 ; 0.20 ;;;;;
11/08/2020;BANVOR 8 1/4 PERP;USP1516SFH42;Brazil; 300,000,000.00 ; 103.94 ; 0.70 ; 0.26 ; 0.12 ;;;;;
11/08/2020;BEEFBZ 5 7/8 01/19/28;USL6401PAH66;Brazil; 476,023,000.00 ; 106.32 ; 0.70 ; 0.42 ; 0.20 ;;;;;
11/08/2020;BEEFBZ 6 1/2 09/20/26;USL6401PAF01;Brazil; 1,289,042,000.00 ; 106.23 ; 0.70 ; 1.14 ; 0.53 ;;;;;
11/08/2020;BNDES 4 3/4 05/09/24;USP14486AM92;Brazil; 496,798,000.00 ; 108.11 ; 0.70 ; 0.45 ; 0.21 ;;;;;
11/08/2020;BNDES 5 3/4 09/26/23;USP14486AJ63;Brazil; 1,094,069,000.00 ; 111.03 ; 0.70 ; 1.01 ; 0.47 ;;;;;
11/08/2020;BRADES 5 3/4 03/01/22;USG0732RAG32;Brazil; 1,100,000,000.00 ; 105.45 ; 0.70 ; 0.96 ; 0.45 ;;;;;
11/08/2020;BRASKM 3 1/2 01/10/23;USN15516AA01;Brazil; 206,895,000.00 ; 101.62 ; 0.70 ; 0.17 ; 0.08 ;;;;;
11/08/2020;BRASKM 4 1/2 01/10/28;USN15516AB83;Brazil; 1,250,000,000.00 ; 97.85 ; 0.70 ; 1.02 ; 0.47 ;;;;;
11/08/2020;BRASKM 5 3/8 05/02/22;USG1315RAG68;Brazil; 289,265,000.00 ; 103.72 ; 0.70 ; 0.25 ; 0.12 ;;;;;
11/08/2020;BRASKM 6.45 02/03/24;US10553YAF25;Brazil; 750,000,000.00 ; 108.68 ; 0.70 ; 0.68 ; 0.31 ;;;;;
11/08/2020;BRASKM 7 1/8 07/22/41;USU1065PAA94;Brazil; 750,000,000.00 ; 107.15 ; 0.70 ; 0.67 ; 0.31 ;;;;;
11/08/2020;BRASKM 7 3/8 PERP;USG1315RAC54;Brazil; 500,000,000.00 ; 99.48 ; 0.70 ; 0.41 ; 0.19 ;;;;;
11/08/2020;BRFSBZ 3.95 05/22/23;USP1905CAD22;Brazil; 285,422,000.00 ; 102.47 ; 0.70 ; 0.24 ; 0.11 ;;;;;
11/08/2020;BRFSBZ 4 3/4 05/22/24;USP1905CAE05;Brazil; 453,714,000.00 ; 104.85 ; 0.70 ; 0.40 ; 0.18 ;;;;;
11/08/2020;BRFSBZ 4.35 09/29/26;USA08163AA41;Brazil; 500,000,000.00 ; 103.53 ; 0.70 ; 0.43 ; 0.20 ;;;;;
11/08/2020;BRFSBZ 5 7/8 06/06/22;USP1905CAA82;Brazil; 82,122,000.00 ; 104.96 ; 0.70 ; 0.07 ; 0.03 ;;;;;
11/08/2020;BTGPBZ 5 1/2 01/31/23;US05971BAD10;Brazil; 500,000,000.00 ; 104.57 ; 0.70 ; 0.43 ; 0.20 ;;;;;
11/08/2020;BTGPBZ 5 3/4 09/28/22;USP07790AD31;Brazil; 450,000,000.00 ; 104.20 ; 0.70 ; 0.39 ; 0.18 ;;;;;
11/08/2020;CAIXBR 3 1/2 11/07/22;US12803X2B68;Brazil; 500,000,000.00 ; 102.31 ; 0.70 ; 0.42 ; 0.20 ;;;;;
11/08/2020;CSANBZ 7 01/20/27;USL20041AD89;Brazil; 650,000,000.00 ; 107.61 ; 0.70 ; 0.58 ; 0.27 ;;;;;
11/08/2020;CSNABZ 7 PERP;USG2585XAA75;Brazil; 1,000,000,000.00 ; 82.80 ; 0.70 ; 0.69 ; 0.32 ;;;;;
11/08/2020;ELEBRA 5 3/4 10/27/21;USP22854AG14;Brazil; 625,702,000.00 ; 104.14 ; 0.70 ; 0.54 ; 0.25 ;;;;;
11/08/2020;EMBRBZ 5.05 06/15/25;US29082HAA05;Brazil; 1,000,000,000.00 ; 95.81 ; 0.70 ; 0.80 ; 0.37 ;;;;;
11/08/2020;EMBRBZ 5.15 06/15/22;US29082AAA51;Brazil; 500,000,000.00 ; 100.99 ; 0.70 ; 0.42 ; 0.19 ;;;;;
11/08/2020;EMBRBZ 5.4 02/01/27;US29082HAB87;Brazil; 750,000,000.00 ; 93.74 ; 0.70 ; 0.58 ; 0.27 ;;;;;
11/08/2020;EMBRBZ 5.696 09/16/23;USG30376AB69;Brazil; 540,518,000.00 ; 101.22 ; 0.70 ; 0.45 ; 0.21 ;;;;;
11/08/2020;FIBRBZ 5 1/2 01/17/27;US31572UAF30;Brazil; 700,000,000.00 ; 111.08 ; 0.70 ; 0.65 ; 0.30 ;;;;;
11/08/2020;FIBRBZ 5 1/4 05/12/24;US31572UAE64;Brazil; 600,000,000.00 ; 109.28 ; 0.70 ; 0.54 ; 0.25 ;;;;;
11/08/2020;GGBRBZ 4 3/4 04/15/23;USG3925DAB67;Brazil; 517,968,000.00 ; 105.53 ; 0.70 ; 0.45 ; 0.21 ;;;;;
11/08/2020;GGBRBZ 4 7/8 10/24/27;USG3925DAD24;Brazil; 650,000,000.00 ; 108.50 ; 0.70 ; 0.59 ; 0.27 ;;;;;
11/08/2020;GGBRBZ 5.893 04/29/24;USG24422AA83;Brazil; 626,403,000.00 ; 110.59 ; 0.70 ; 0.58 ; 0.27 ;;;;;
11/08/2020;GGBRBZ 7 1/4 04/16/44;USG2440JAG07;Brazil; 500,000,000.00 ; 133.15 ; 0.70 ; 0.55 ; 0.26 ;;;;;
11/08/2020;GOLLBZ 7 01/31/25;USL4441RAA43;Brazil; 650,000,000.00 ; 55.09 ; 0.70 ; 0.30 ; 0.14 ;;;;;
11/08/2020;GOLLBZ 8 3/4 PERP;USG3980PAA33;Brazil; 153,901,000.00 ; 53.88 ; 0.70 ; 0.07 ; 0.03 ;;;;;
11/08/2020;HIDRVS 5.95 01/24/25;USL48008AA19;Brazil; 600,000,000.00 ; 102.90 ; 0.70 ; 0.51 ; 0.24 ;;;;;
11/08/2020;ITAU 5 1/2 08/06/22;US46556MAH51;Brazil; 1,375,000,000.00 ; 105.68 ; 0.70 ; 1.21 ; 0.56 ;;;;;
11/08/2020;ITAU 5 1/8 05/13/23;US46556MAJ18;Brazil; 1,870,000,000.00 ; 106.44 ; 0.70 ; 1.65 ; 0.77 ;;;;;
11/08/2020;ITAU 5.65 03/19/22;US46556MAF95;Brazil; 1,250,000,000.00 ; 104.99 ; 0.70 ; 1.09 ; 0.51 ;;;;;
11/08/2020;ITAU 6 1/8 PERP;USP5R6DPAA84;Brazil; 1,250,000,000.00 ; 99.42 ; 0.70 ; 1.03 ; 0.48 ;;;;;
11/08/2020;ITAU 6.2 12/21/21;US46556MAE21;Brazil; 1,050,000,000.00 ; 105.48 ; 0.70 ; 0.92 ; 0.43 ;;;;;
11/08/2020;JBSSBZ 6 3/4 02/15/28;USL56590AA73;Brazil; 900,000,000.00 ; 111.18 ; 0.70 ; 0.83 ; 0.39 ;;;;;
11/08/2020;JSLGBZ 7 3/4 07/26/24;USL5800PAB87;Brazil; 625,000,000.00 ; 102.94 ; 0.70 ; 0.53 ; 0.25 ;;;;;
11/08/2020;KLAB 4 7/8 09/19/27;USL5828LAB55;Brazil; 500,000,000.00 ; 107.16 ; 0.70 ; 0.45 ; 0.21 ;;;;;
11/08/2020;KLAB 5 1/4 07/16/24;USL5828LAA72;Brazil; 271,462,000.00 ; 108.88 ; 0.70 ; 0.25 ; 0.11 ;;;;;
11/08/2020;MINASG 5.333 02/15/28;USG13201AA91;Brazil; 1,016,000,000.00 ; 103.75 ; 0.70 ; 0.88 ; 0.41 ;;;;;
11/08/2020;PETBRA 4 3/8 05/20/23;US71647NAF69;Brazil; 1,405,620,000.00 ; 104.51 ; 0.70 ; 1.22 ; 0.57 ;;;;;
11/08/2020;PETBRA 5 3/4 02/01/29;US71647NAZ24;Brazil; 1,588,527,000.00 ; 110.64 ; 0.70 ; 1.46 ; 0.68 ;;;;;
11/08/2020;PETBRA 5 5/8 05/20/43;US71647NAA72;Brazil; 618,064,000.00 ; 106.59 ; 0.70 ; 0.55 ; 0.25 ;;;;;
11/08/2020;PETBRA 5.299 01/27/25;US71647NAV10;Brazil; 2,099,363,000.00 ; 109.82 ; 0.70 ; 1.91 ; 0.89 ;;;;;
11/08/2020;PETBRA 6 1/4 03/17/24;US71647NAM11;Brazil; 1,585,773,000.00 ; 111.05 ; 0.70 ; 1.46 ; 0.68 ;;;;;
11/08/2020;PETBRA 6 1/8 01/17/22;US71647NAR08;Brazil; 618,790,000.00 ; 105.97 ; 0.70 ; 0.54 ; 0.25 ;;;;;
11/08/2020;PETBRA 6 3/4 01/27/41;US71645WAS08;Brazil; 1,058,788,000.00 ; 114.48 ; 0.70 ; 1.01 ; 0.47 ;;;;;
11/08/2020;PETBRA 6 7/8 01/20/40;US71645WAQ42;Brazil; 1,093,129,000.00 ; 115.70 ; 0.70 ; 1.05 ; 0.49 ;;;;;
11/08/2020;PETBRA 6.85 06/05/15;US71647NAN93;Brazil; 2,449,000,000.00 ; 113.17 ; 0.70 ; 2.30 ; 1.07 ;;;;;
11/08/2020;PETBRA 7 1/4 03/17/44;US71647NAK54;Brazil; 1,647,605,000.00 ; 120.22 ; 0.70 ; 1.65 ; 0.76 ;;;;;
11/08/2020;PETBRA 7 3/8 01/17/27;US71647NAS80;Brazil; 2,267,504,000.00 ; 120.61 ; 0.70 ; 2.27 ; 1.05 ;;;;;
11/08/2020;PETBRA 8 3/4 05/23/26;US71647NAQ25;Brazil; 2,042,471,000.00 ; 127.51 ; 0.70 ; 2.16 ; 1.00 ;;;;;
11/08/2020;RAIZBZ 5.3 01/20/27;USL7909CAA55;Brazil; 500,000,000.00 ; 108.82 ; 0.70 ; 0.45 ; 0.21 ;;;;;
11/08/2020;RDEDOR 4.95 01/17/28;USL7915RAA43;Brazil; 500,000,000.00 ; 99.93 ; 0.70 ; 0.41 ; 0.19 ;;;;;
11/08/2020;RIOOIL 9 1/4 07/06/24;USU76673AA72;Brazil; 1,021,971,000.00 ; 105.88 ; 0.70 ; 0.90 ; 0.42 ;;;;;
11/08/2020;RIOOIL 9 3/4 01/06/27;USU76673AB55;Brazil; 704,937,600.00 ; 107.03 ; 0.70 ; 0.63 ; 0.29 ;;;;;
11/08/2020;SUZANO 5 3/4 07/14/26;USA9890AAA81;Brazil; 700,000,000.00 ; 114.40 ; 0.70 ; 0.67 ; 0.31 ;;;;;
11/08/2020;SUZANO 7 03/16/47;USA8372TAC20;Brazil; 1,250,000,000.00 ; 120.55 ; 0.70 ; 1.25 ; 0.58 ;;;;;
11/08/2020;UGPABZ 5 1/4 10/06/26;USL9412AAA53;Brazil; 550,003,000.00 ; 106.20 ; 0.70 ; 0.49 ; 0.23 ;;;;;
11/08/2020;VALEBZ 5 5/8 09/11/42;US91912EAA38;Brazil; 520,405,000.00 ; 124.75 ; 0.70 ; 0.54 ; 0.25 ;;;;;
11/08/2020;VALEBZ 6 1/4 08/10/26;US91911TAP84;Brazil; 1,705,706,000.00 ; 120.27 ; 0.70 ; 1.70 ; 0.79 ;;;;;
11/08/2020;VALEBZ 6 7/8 11/10/39;US91911TAK97;Brazil; 1,331,222,000.00 ; 139.84 ; 0.70 ; 1.55 ; 0.72 ;;;;;
11/08/2020;VALEBZ 6 7/8 11/21/36;US91911TAH68;Brazil; 1,618,987,000.00 ; 138.56 ; 0.70 ; 1.86 ; 0.86 ;;;;;
11/08/2020;VALEBZ 7.2 09/15/32;US453258AP01;Brazil; 296,674,000.00 ; 131.11 ; 0.70 ; 0.32 ; 0.15 ;;;;;
11/08/2020;VALEBZ 8 1/4 01/17/34;US91911TAE38;Brazil; 733,822,000.00 ; 146.88 ; 0.70 ; 0.90 ; 0.42 ;;;;;
11/08/2020;VOTORA 4 3/4 06/17/24;USP3059UAA80;Brazil; 143,919,000.00 ; 104.46 ; 0.70 ; 0.12 ; 0.06 ;;;;;
11/08/2020;VOTORA 5 3/4 01/28/27;USC86068AA80;Brazil; 500,000,000.00 ; 112.17 ; 0.70 ; 0.47 ; 0.22 ;;;;;
11/08/2020;VOTORA 7 1/4 04/05/41;USP98088AA83;Brazil; 610,219,000.00 ; 124.86 ; 0.70 ; 0.63 ; 0.29 ;;;;;
11/08/2020;ITAU 6 ½ PERP;USP5R6DPAB67;Brazil; 750,000,000.00 ; 100.52 ; 0.70 ; 0.63 ; 0.29 ;;;;;
11/08/2020;GLOPAR 5 1/8 03/31/27;USP47777AA86;Brazil; 200,000,000.00 ; 101.86 ; 0.70 ; 0.17 ; 0.08 ;;;;;
11/08/2020;GLOPAR 4.843 06/08/25 Corp;USP47773AN93;Brazil; 325,000,000.00 ; 101.72 ; 0.70 ; 0.27 ; 0.13 ;;;;;
11/08/2020;BANBRA 4 7/8 04/19/23;USP3772WAJ10;Brazil; 750,000,000.00 ; 105.62 ; 0.70 ; 0.66 ; 0.31 ;;;;;
11/08/2020;CMIGBZ 9 1/4 12/05/24;USP2205LAC92;Brazil; 1,500,000,000.00 ; 114.07 ; 0.70 ; 1.42 ; 0.66 ;;;;;
11/08/2020;SUZANO 6 01/15/29;USA8372TAF50;Brazil; 1,840,000.00 ; 111.18 ; 0.70 ; 0.00 ; 0.00 ;;;;;
11/08/2020;AGRO 6 09/21/27;USL00849AA47;Brazil; 500,000,000.00 ; 99.66 ; 0.70 ; 0.41 ; 0.19 ;;;;;
11/08/2020;BTGPBZ 7 3/4 02/15/29;USP07790AE14;Brazil; 600,000,000.00 ; 105.28 ; 0.70 ; 0.52 ; 0.24 ;;;;;
11/08/2020;PETBRA 6.9 03/19/49;US71647NBD03;Brazil; 2,250,000,000.00 ; 117.73 ; 0.70 ; 2.20 ; 1.02 ;;;;;
11/08/2020;BANBRA 4 3/4 03/20/24;USP1R027AA25;Brazil; 750,000,000.00 ; 105.81 ; 0.70 ; 0.66 ; 0.31 ;;;;;
11/08/2020;KLAB 5 3/4 04/03/29;USA35155AA77;Brazil; 750,000,000.00 ; 111.44 ; 0.70 ; 0.69 ; 0.32 ;;;;;
11/08/2020;KLAB 7 04/03/49;USA35155AB50;Brazil; 700,000,000.00 ; 116.47 ; 0.70 ; 0.68 ; 0.31 ;;;;;
11/08/2020;JBSSBZ 7 01/15/26;USA29875AA87;Brazil; 1,000,000,000.00 ; 108.28 ; 0.70 ; 0.90 ; 0.42 ;;;;;
11/08/2020;JBSSBZ 6 1/2 04/15/29;USL56608AA73;Brazil; 1,000,000,000.00 ; 113.24 ; 0.70 ; 0.94 ; 0.44 ;;;;;
11/08/2020;CSNABZ 7 5/8 02/13/23;USL21779AC45;Brazil; 925,000,000.00 ; 102.25 ; 0.70 ; 0.79 ; 0.36 ;;;;;
11/08/2020;CSNABZ 7 5/8 04/17/26;US12644VAC28;Brazil; 600,000,000.00 ; 101.10 ; 0.70 ; 0.50 ; 0.23 ;;;;;
11/08/2020;FIBRBZ 4 01/14/25;US31572UAG13;Brazil; 600,000,000.00 ; 105.55 ; 0.70 ; 0.53 ; 0.24 ;;;;;
11/08/2020;MRFGBZ 7 05/14/26;USU63768AA01;Brazil; 1,000,000,000.00 ; 108.31 ; 0.70 ; 0.90 ; 0.42 ;;;;;
11/08/2020;PETBRA 5.999 01/27/28;US71647NAY58;Brazil; 2,750,200,000.00 ; 112.19 ; 0.70 ; 2.56 ; 1.19 ;;;;;
11/08/2020;UGPABZ 5 1/4 06/06/29;USL9412AAB37;Brazil; 500,000,000.00 ; 102.89 ; 0.70 ; 0.43 ; 0.20 ;;;;;
11/08/2020;USIM 5 7/8 07/18/26;USL95806AA06;Brazil; 750,000,000.00 ; 102.03 ; 0.70 ; 0.64 ; 0.29 ;;;;;
11/08/2020;CZZ 5 1/2 09/20/29;USG25343AB36;Brazil; 750,000,000.00 ; 103.51 ; 0.70 ; 0.64 ; 0.30 ;;;;;
11/08/2020;JBSSBZ 5 3/4 01/15/28;USA29875AC44;Brazil; 750,000,000.00 ; 106.31 ; 0.70 ; 0.66 ; 0.31 ;;;;;
11/08/2020;JBSSBZ 5 1/2 01/15/30;USL56608AE95;Brazil; 1,250,000,000.00 ; 111.12 ; 0.70 ; 1.15 ; 0.54 ;;;;;
11/08/2020;CIELBZ 3 3/4 11/16/22;USU1714UAA35;Brazil; 404,942,200.00 ; 101.75 ; 0.70 ; 0.34 ; 0.16 ;;;;;
11/08/2020;PETBRA 5.093 01/15/30;USN6945AAL19;Brazil; 4,115,281,000.00 ; 105.78 ; 0.70 ; 3.62 ; 1.68 ;;;;;
11/08/2020;SUZANO 6 01/15/29;US86964WAF95;Brazil; 1,748,160,000.00 ; 114.41 ; 0.70 ; 1.66 ; 0.77 ;;;;;
11/08/2020;SUZANO 5 01/15/30;US86964WAH51;Brazil; 999,904,000.00 ; 108.75 ; 0.70 ; 0.90 ; 0.42 ;;;;;
11/08/2020;BANVOR 4 09/24/22;XS2055651082;Brazil; 400,000,000.00 ; 102.37 ; 0.70 ; 0.34 ; 0.16 ;;;;;
11/08/2020;BANVOR 4 1/2 09/24/24;XS2055749720;Brazil; 450,000,000.00 ; 103.56 ; 0.70 ; 0.39 ; 0.18 ;;;;;
11/08/2020;UNIGEL 8 3/4 10/01/26;USL9467UAB37;Brazil; 420,000,000.00 ; 84.23 ; 0.70 ; 0.29 ; 0.14 ;;;;;
11/08/2020;BRFSBZ 4 7/8 01/24/30;USP1905CJX94;Brazil; 750,000,000.00 ; 104.42 ; 0.70 ; 0.65 ; 0.30 ;;;;;
11/08/2020;BRASKM 5 7/8 01/31/50;USN15516AE23;Brazil; 750,000,000.00 ; 93.09 ; 0.70 ; 0.58 ; 0.27 ;;;;;
11/08/2020;BRASKM 4 1/2 01/31/30;USN15516AD40;Brazil; 1,500,000,000.00 ; 96.76 ; 0.70 ; 1.21 ; 0.56 ;;;;;
11/08/2020;BTGPBZ 4 1/2 01/10/25;US05971BAE92;Brazil; 500,000,000.00 ; 101.47 ; 0.70 ; 0.42 ; 0.20 ;;;;;
11/08/2020;ELEBRA 4 5/8 02/04/30;USP22835AB13;Brazil; 750,000,000.00 ; 102.53 ; 0.70 ; 0.64 ; 0.30 ;;;;;
11/08/2020;ELEBRA 3 5/8 02/04/25;USP22835AA30;Brazil; 500,000,000.00 ; 101.47 ; 0.70 ; 0.42 ; 0.20 ;;;;;
11/08/2020;ITAU 4 1/2 11/21/29;US46556MAM47;Brazil; 750,000,000.00 ; 99.62 ; 0.70 ; 0.62 ; 0.29 ;;;;;
11/08/2020;ITAU 2.9 01/24/23;US46556KAA43;Brazil; 1,000,000,000.00 ; 101.06 ; 0.70 ; 0.84 ; 0.39 ;;;;;
11/08/2020;ITAU 3 1/4 01/24/25;US46556KAB26;Brazil; 500,000,000.00 ; 102.59 ; 0.70 ; 0.43 ; 0.20 ;;;;;
11/08/2020;RAIZBZ 5.3 01/20/27;USL7909CAB39;Brazil; 225,000,000.00 ; 108.77 ; 0.70 ; 0.20 ; 0.09 ;;;;;
11/08/2020;GGBRBZ 4 1/4 01/21/30;USU4034GAA14;Brazil; 500,000,000.00 ; 105.35 ; 0.70 ; 0.44 ; 0.20 ;;;;;
11/08/2020;VALEBZ 3 3/4 07/08/30;US91911TAQ67;Brazil; 1,500,000,000.00 ; 107.63 ; 0.70 ; 1.34 ; 0.62 ;;;;;
11/08/2020;RAILBZ 5 1/4 01/10/28;USL79090AC78;Brazil; 500,000,000.00 ; 107.22 ; 0.70 ; 0.45 ; 0.21 ;;;;;
11/08/2020;ITAU 4 5/8 PERP;USP59699AB77;Brazil; 700,000,000.00 ; 88.57 ; 0.70 ; 0.51 ; 0.24 ;;;;;
11/08/2020;CSNABZ 6 3/4 01/28/28;USG2583XAB76;Brazil; 1,000,000,000.00 ; 95.93 ; 0.70 ; 0.80 ; 0.37 ;;;;;
11/08/2020;GLOPAR 4 7/8 01/22/30;USP47777AB69;Brazil; 500,000,000.00 ; 99.75 ; 0.70 ; 0.41 ; 0.19 ;;;;;
11/08/2020;BANVOR 4 3/8 07/29/25;XS2210789934;Brazil; 500,000,000.00 ; 101.54 ; 0.70 ; 0.42 ; 0.20 ;;;;;
11/08/2020;PETBRA 5.6 01/03/31;US71647NBH17;Brazil; 1,500,000,000.00 ; 107.61 ; 0.70 ; 1.34 ; 0.62 ;;;;;
11/08/2020;PETBRA 6 3/4 06/03/50;US71647NBG34;Brazil; 1,750,000,000.00 ; 115.20 ; 0.70 ; 1.67 ; 0.78 ;;;;;
