,Z_SPRD_MID,Z_SPRD_MID,Z_SPRD_MID,Z_SPRD_MID,Z_SPRD_MID,Z_SPRD_MID,Z_SPRD_MID,Z_SPRD_MID,Z_SPRD_MID,Z_SPRD_MID,Z_SPRD_MID,Z_SPRD_MID,Z_SPRD_MID,Z_SPRD_MID,Z_SPRD_MID,Z_SPRD_MID,Z_SPRD_MID,Z_SPRD_MID,Z_SPRD_MID,Z_SPRD_MID,Z_SPRD_MID,Z_SPRD_MID,Z_SPRD_MID,Z_SPRD_MID,Z_SPRD_MID,Z_SPRD_MID,Z_SPRD_MID,Z_SPRD_MID,Z_SPRD_MID,Z_SPRD_MID,Z_SPRD_MID,Z_SPRD_MID,Z_SPRD_MID,Z_SPRD_MID
Ticker,AM017989 Corp,AM133769 Corp,AN613063 Corp,AO149596 Corp,AP443267 Corp,AQ405263 Corp,AW573460 Corp,AX215440 Corp,AX644490 Corp,BG039168 Corp,EC817487 Corp,ED489316 Corp,EI137104 Corp,EI319358 Corp,EJ415238 Corp,EJ810150 Corp,EJ896023 Corp,EJ959750 Corp,EK238202 Corp,EK460904 Corp,EK480568 Corp,EK693447 Corp,EK779082 Corp,EK807683 Corp,EK818925 Corp,JV468065 Corp,JV594814 Corp,LW155835 Corp,LW283691 Corp,QZ661541 Corp,ZP353961 Corp,ZQ094539 Corp,ZR633952 Corp,ZS106935 Corp
Refdate,,,,,,,,,,,,,,,,,,,,,,,,,,,,,,,,,,
2019-09-10,533.959,157.079,568.974,185.136,230.499,656.095,180.582,247.545,596.927,,313.573,132.366,66.48,52.482,141.255,177.94,109.915,60.01,535.614,460.403,237.964,116.226,165.187,234.354,138.033,116.685,318.259,233.414,91.626,222.023,,,,208.806
2019-09-11,536.425,157.37,570.154,186.34,230.721,657.405,182.417,249.854,598.127,,313.916,132.943,67.549,58.888,141.917,178.492,111.244,55.613,538.145,463.087,239.215,115.831,178.328,232.632,137.665,117.033,323.233,234.261,90.935,221.734,,,,209.686
2019-09-12,508.924,153.115,516.007,177.309,225.549,610.91,176.209,234.682,561.966,,308.495,125.255,62.547,47.678,131.582,170.294,102.409,51.945,507.031,402.212,228.812,110.8,172.711,226.256,132.071,130.349,259.666,229.428,92.93,216.067,,,,204.424
2019-09-13,496.617,145.342,506.093,191.18,216.58,590.56,168.221,227.366,550.344,,296.305,135.334,57.285,44.33,125.75,164.446,96.22,48.539,502.335,401.062,223.454,103.043,168.139,222.397,128.863,122.871,260.033,219.522,90.561,205.361,,,,195.267
2019-09-16,503.034,147.755,514.188,210.213,219.111,596.423,175.811,221.096,555.014,,298.86,162.22,57.112,44.093,118.397,161.794,91.048,47.828,502.087,415.232,223.894,104.696,146.521,223.326,134.488,119.808,275.218,221.063,87.889,207.437,,,,199.49
2019-09-17,510.498,149.708,530.673,220.262,220.918,608.952,178.272,225.873,568.38,,303.829,180.419,59.345,48.951,123.892,164.284,94.49,48.256,507.271,443.16,227.364,106.384,152.371,225.897,133.412,117.283,311.756,223.782,87.174,209.6,,,,202.712
2019-09-18,518.235,149.857,542.965,222.839,223.751,615.377,179.796,229.651,574.453,,308.866,181.436,59.657,55.239,128.009,168.43,101.074,50.801,513.468,461.624,232.843,107.985,156.296,225.192,133.814,111.905,325.792,226.873,82.0,211.56,,,248.042,205.731
2019-09-19,512.574,149.097,533.973,221.365,224.027,606.343,179.759,228.474,569.457,,310.967,180.614,57.08,49.899,125.606,168.469,96.846,52.478,511.835,450.132,233.108,107.153,152.433,225.882,131.933,112.761,316.375,226.38,81.834,211.547,,,245.598,206.067
2019-09-20,501.287,147.893,516.795,222.233,223.611,593.795,178.726,225.703,556.974,,311.586,180.556,56.721,54.522,125.379,167.464,95.207,52.588,509.021,435.404,232.579,107.007,151.004,223.085,131.224,103.141,288.072,225.723,81.384,210.778,,,243.559,205.339
2019-09-23,507.968,150.329,527.696,258.034,227.79,600.504,182.276,226.503,564.195,,320.512,197.419,58.664,53.811,126.439,169.104,98.772,53.571,509.115,449.453,234.345,108.934,142.669,220.706,134.049,103.657,297.181,229.287,81.71,212.985,,,245.242,209.498
2019-09-24,509.662,150.698,530.737,262.855,229.303,602.641,183.041,227.962,566.284,,324.256,200.628,59.463,50.355,127.815,170.977,99.458,56.536,508.073,452.971,235.935,109.558,147.307,217.121,134.397,103.534,296.706,229.913,78.621,214.007,,,246.955,211.313
2019-09-25,514.163,150.193,557.488,266.66,230.574,615.396,183.594,230.334,573.045,,324.197,205.365,59.676,53.223,128.726,173.584,100.292,57.211,513.655,479.387,236.857,110.317,151.74,216.097,131.668,103.304,321.425,230.299,78.943,213.448,,,250.159,212.88
2019-09-26,513.606,149.733,565.367,263.555,231.367,616.087,184.665,231.011,572.917,,324.977,204.952,59.393,51.116,126.607,172.582,99.125,56.692,511.99,482.033,236.482,109.738,148.816,214.752,130.038,102.406,322.22,230.752,78.568,213.671,,,248.705,216.446
2019-09-27,514.073,149.792,570.606,262.954,231.065,618.367,190.748,230.063,575.851,,327.081,205.601,58.491,56.264,125.492,172.473,98.328,58.1,510.732,487.125,234.864,113.907,146.252,212.477,129.42,106.753,323.312,230.013,78.665,213.159,,,247.619,219.653
2019-09-30,511.988,148.49,570.044,262.35,229.55,617.899,191.009,228.958,576.699,,327.753,204.838,58.013,60.209,124.557,171.945,99.727,56.073,507.991,487.531,234.74,112.665,145.338,210.523,126.725,102.35,324.833,228.234,77.617,212.508,,,246.878,220.398
2019-10-01,505.941,144.621,556.196,267.558,225.486,609.75,182.502,227.475,566.564,,323.427,208.042,57.62,56.906,121.1,169.307,99.638,56.508,500.787,467.838,233.645,110.721,144.831,209.324,125.542,103.359,309.409,225.346,79.081,210.247,,,243.991,214.492
2019-10-02,509.546,145.723,571.857,280.573,226.064,624.829,182.155,230.26,573.866,,326.551,227.346,57.974,61.636,124.037,171.164,101.472,55.676,499.994,486.085,234.703,112.161,142.971,209.959,126.748,97.402,323.61,226.058,78.11,210.169,,,246.744,214.454
2019-10-03,520.981,146.154,591.153,289.461,228.32,645.654,183.884,233.086,585.106,,326.942,232.248,58.65,66.978,126.132,175.305,102.777,55.491,504.912,505.745,238.319,112.564,143.201,209.608,125.595,96.448,336.149,228.054,78.506,211.707,,,249.804,216.193
2019-10-04,521.793,146.485,594.906,309.424,228.073,653.541,185.73,234.386,587.837,,328.368,274.451,58.276,69.155,126.874,176.431,104.583,65.854,500.695,510.57,239.058,112.372,140.068,208.725,126.058,95.994,335.701,227.684,78.413,212.108,,,250.039,217.241
2019-10-07,519.494,146.374,592.745,330.094,229.018,653.953,187.356,235.407,586.624,,329.664,291.398,58.273,66.085,128.367,176.432,103.364,66.729,500.269,509.949,239.196,112.336,138.923,209.026,125.678,96.722,330.469,228.487,79.151,211.753,,,252.024,217.929
2019-10-08,521.36,146.135,605.311,328.474,230.657,666.113,186.158,236.342,593.105,,329.907,299.81,57.484,66.749,127.536,176.214,103.674,65.377,497.752,527.483,240.296,112.044,136.001,207.605,125.816,96.653,334.297,228.797,79.955,212.269,,,252.827,216.792
2019-10-09,517.869,144.531,604.041,317.744,227.249,665.733,182.676,237.414,593.682,,327.432,284.455,56.831,67.195,126.962,176.934,104.487,63.597,492.749,529.545,240.269,110.443,126.113,205.366,123.094,98.384,329.47,224.992,79.682,209.321,,,253.779,213.338
2019-10-10,507.099,142.543,590.999,308.912,224.208,653.421,180.607,239.006,579.378,,325.413,272.537,55.259,64.54,127.507,177.967,104.229,65.712,485.153,501.415,240.268,108.873,123.577,202.294,120.931,98.068,303.964,221.886,79.173,206.175,,,255.237,212.099
2019-10-11,491.407,137.897,542.173,302.658,217.837,615.301,172.865,228.585,547.372,,318.554,263.251,50.609,59.229,120.018,166.534,97.298,66.457,475.582,445.163,226.468,106.148,120.425,195.121,122.037,97.565,269.733,215.486,77.835,200.159,,,247.576,207.388
2019-10-14,491.408,138.622,538.613,297.656,217.95,613.289,171.716,227.834,546.199,,319.539,256.857,51.437,59.382,121.477,167.294,99.256,67.338,469.92,436.927,227.926,107.058,124.5,195.453,119.131,97.95,259.024,215.812,76.446,199.829,,,249.856,207.2
2019-10-15,480.65,136.627,517.102,288.72,215.357,592.239,169.385,222.595,532.383,,314.331,250.597,48.873,57.117,117.118,159.2,95.871,66.248,456.154,407.233,219.129,105.307,115.441,193.525,118.762,97.948,226.832,213.203,75.703,197.241,,,246.231,202.52
2019-10-16,476.286,132.989,509.947,280.744,211.73,587.452,164.727,220.286,525.626,,311.369,244.464,45.46,51.825,114.467,156.139,94.447,63.956,450.369,404.913,215.438,102.256,113.472,191.644,116.216,96.437,225.813,209.133,75.824,192.975,,,242.356,198.944
2019-10-17,475.73,131.814,503.856,271.404,211.474,583.418,160.192,219.39,524.125,,310.326,237.352,42.807,55.933,113.161,154.326,93.134,61.883,450.772,387.423,213.827,101.215,109.444,190.999,115.803,95.507,218.367,207.932,75.214,191.454,,,240.838,195.338
2019-10-18,474.496,129.259,500.716,270.659,209.161,582.379,159.774,218.502,520.255,,308.976,233.855,40.056,44.038,111.65,152.519,91.809,60.787,446.889,379.552,211.883,99.276,104.544,190.297,115.318,96.55,222.507,205.618,76.033,189.489,,,239.669,192.211
2019-10-21,469.511,127.303,489.236,265.466,206.161,573.85,158.546,217.948,511.289,,305.644,229.334,39.133,53.07,111.315,151.405,91.866,58.043,446.105,361.624,209.868,98.809,106.838,189.529,113.001,95.809,213.64,202.351,76.272,187.191,,,239.205,189.597
2019-10-22,468.343,127.001,485.655,266.822,206.18,571.574,158.081,217.3,508.033,,306.546,229.696,38.341,50.208,110.762,151.129,93.843,57.309,445.907,355.168,209.849,98.357,102.365,189.753,112.541,95.866,211.126,200.593,75.284,186.837,,,237.605,188.825
2019-10-23,469.958,127.907,485.465,267.8,207.797,572.782,160.463,216.88,509.106,,310.641,231.367,39.155,55.027,110.184,151.304,92.052,54.802,448.069,356.428,211.924,99.644,101.916,191.225,112.82,96.32,212.608,202.624,75.829,188.789,,,237.383,190.272
2019-10-24,462.433,127.629,469.135,264.515,206.913,556.577,160.268,211.146,496.556,,310.544,228.88,38.411,52.135,107.869,149.789,88.639,53.853,442.48,331.299,208.986,99.941,99.319,189.799,112.565,96.141,197.209,201.654,76.072,188.369,,,231.969,189.058
2019-10-25,454.472,125.036,457.844,263.644,203.09,544.682,158.13,208.434,487.919,,305.369,228.01,36.999,52.677,106.548,146.653,87.729,52.703,432.353,318.349,205.214,98.18,95.844,185.926,111.94,96.023,188.237,198.229,75.855,185.604,,,229.19,185.71
2019-10-28,454.523,123.802,460.551,261.048,201.483,548.799,157.485,207.748,489.77,,304.077,228.681,36.075,48.656,107.53,145.794,86.075,53.63,428.516,326.561,204.316,97.594,103.165,184.887,111.018,96.725,206.533,195.79,74.293,183.692,,,229.553,184.037
2019-10-29,463.372,124.009,480.625,260.809,202.01,566.318,158.902,208.739,502.312,,302.814,228.453,35.905,53.054,109.29,146.768,86.403,54.429,432.873,351.303,205.978,97.989,109.601,184.549,108.799,96.832,240.482,195.825,74.114,183.439,,,230.359,186.318
2019-10-30,468.958,123.466,496.533,257.772,201.977,576.77,158.801,209.596,510.788,,301.263,224.585,37.83,54.065,109.573,147.335,88.049,56.13,433.802,376.22,206.413,98.69,110.48,183.826,106.147,96.682,261.853,194.958,74.097,183.267,,,231.17,187.945
2019-10-31,472.102,123.526,496.667,255.924,204.094,578.443,161.402,209.343,510.995,,306.762,218.783,38.729,46.019,108.597,146.855,87.115,54.736,435.895,375.489,205.909,99.185,107.474,182.998,107.48,96.425,252.039,197.142,73.261,184.574,,,231.973,189.459
2019-11-01,467.405,124.149,489.365,236.9,203.921,572.088,160.724,209.635,506.526,,304.439,207.285,41.376,53.253,108.753,147.128,86.937,55.023,434.919,367.949,205.031,99.245,109.247,182.021,107.344,103.122,243.601,196.656,74.066,184.738,,,232.294,187.93
2019-11-04,456.837,122.103,475.3,239.426,201.667,558.855,159.654,207.757,494.255,,300.535,207.311,40.06,46.069,107.447,144.034,84.24,53.409,422.568,356.004,200.777,98.033,110.615,180.283,107.472,95.346,227.261,195.422,73.113,182.815,,,230.411,186.89
2019-11-05,452.363,120.553,469.473,240.787,200.459,553.064,160.393,207.757,489.605,,297.595,206.245,43.409,50.947,106.587,143.966,84.962,49.449,417.029,350.823,199.969,97.808,108.24,179.901,107.639,96.313,222.911,194.506,73.443,182.066,,,229.607,185.121
2019-11-06,453.889,119.824,471.739,245.976,200.959,555.064,160.794,207.52,491.596,,299.166,207.365,43.409,50.879,106.622,143.473,85.889,49.631,417.135,352.252,200.736,97.864,107.889,179.361,107.467,96.406,224.396,195.003,73.464,182.435,,,230.047,185.523
2019-11-07,446.685,117.237,461.994,246.991,197.789,546.577,160.108,204.652,481.965,,297.137,207.528,42.899,46.658,104.267,142.775,81.774,48.437,413.087,351.875,198.464,96.443,107.911,180.107,104.762,98.155,224.175,191.61,73.606,179.582,,,227.45,183.33
2019-11-08,456.157,119.162,479.011,246.98,200.949,560.053,163.818,204.091,493.079,,296.906,206.471,47.136,43.723,105.706,143.204,83.157,45.29,420.588,375.569,198.388,98.401,109.887,179.201,103.878,99.451,244.503,194.216,73.706,182.166,,,228.224,185.065
2019-11-11,460.255,120.184,492.239,247.413,200.918,572.183,165.057,207.703,500.745,,298.762,207.141,47.635,55.965,109.531,147.117,86.859,46.068,434.851,398.427,201.279,99.804,122.243,180.846,104.745,100.052,268.347,195.292,74.399,183.06,,,232.649,186.73
2019-11-12,463.942,121.435,496.105,248.061,203.562,577.245,167.682,210.415,504.856,,301.234,206.319,49.529,49.567,110.915,147.551,89.685,46.885,443.062,399.331,203.562,101.665,136.295,181.987,103.91,101.524,280.05,196.965,74.718,185.412,,,235.148,192.741
2019-11-13,474.697,124.82,518.01,250.209,207.806,595.307,171.222,215.236,518.444,,308.981,206.666,53.336,56.576,114.272,150.161,93.689,50.06,457.125,421.58,207.509,106.775,154.637,183.114,105.607,101.984,296.954,202.399,75.36,190.089,,,243.717,197.138
2019-11-14,481.427,128.921,529.313,252.334,214.554,604.687,177.658,220.203,527.242,,313.615,205.433,57.235,56.771,117.209,152.926,98.608,47.862,466.489,435.362,210.322,111.893,170.86,182.702,105.267,103.357,306.655,206.984,75.387,196.004,,,251.087,204.863
2019-11-15,480.289,133.642,528.405,253.206,218.534,604.257,184.35,227.33,527.279,,317.057,206.59,60.205,61.672,119.888,156.443,102.195,49.325,465.753,433.649,214.405,117.745,163.28,185.105,104.06,104.696,297.66,210.568,75.402,201.522,,,257.304,214.025
2019-11-18,475.707,133.734,519.369,255.208,219.093,593.461,186.75,229.17,520.552,,319.819,206.316,61.856,61.495,121.385,157.633,104.828,48.846,463.567,417.609,215.417,117.918,156.926,184.784,109.651,104.912,279.226,211.469,75.64,202.307,,,257.956,219.879
2019-11-19,470.306,134.437,508.378,256.896,221.634,584.454,189.046,232.842,511.503,,322.419,206.185,64.578,52.812,121.064,158.069,105.139,51.059,466.708,394.865,215.975,119.497,160.969,185.114,111.13,103.569,263.163,213.869,75.635,205.012,,,263.246,221.846
2019-11-20,474.897,136.374,515.898,286.533,225.185,591.685,191.623,244.562,514.601,,325.896,237.875,65.77,55.442,125.702,159.54,114.191,54.031,470.256,406.021,217.373,120.441,164.785,186.196,111.709,106.572,274.292,217.426,75.702,207.544,,,273.613,224.867
2019-11-21,472.193,136.263,514.069,284.299,226.836,589.56,193.695,248.347,509.83,,327.682,232.34,63.855,64.924,127.73,162.027,116.755,52.384,472.34,397.296,218.899,121.851,164.727,189.772,112.26,102.823,262.91,220.52,76.063,209.082,,,273.415,226.588
2019-11-22,471.135,134.916,511.069,282.632,227.619,587.549,193.802,247.926,506.494,,327.852,233.232,66.224,63.711,128.472,161.64,117.945,52.091,476.831,391.963,217.994,122.214,156.022,189.418,113.994,102.507,254.165,220.953,76.621,209.976,,,270.531,224.247
2019-11-25,462.041,134.496,494.713,286.034,226.594,575.668,190.819,246.447,495.35,,326.855,235.343,63.587,65.181,126.559,160.964,114.69,53.463,469.918,365.844,214.625,121.411,161.773,186.666,115.833,103.088,232.194,219.292,76.564,207.434,,,267.758,219.324
2019-11-26,460.42,132.385,483.319,287.29,225.386,569.771,188.035,243.911,488.98,,325.713,235.812,61.606,64.18,124.468,159.228,111.659,52.343,461.167,350.306,211.057,119.158,155.147,185.174,116.092,104.189,215.466,217.912,76.488,205.584,,,263.756,211.533
2019-11-27,456.732,130.255,466.528,293.168,224.135,560.914,183.864,242.049,482.538,,316.355,240.791,60.568,59.475,123.766,158.747,110.642,51.364,456.046,328.862,208.643,117.375,155.923,185.209,117.985,103.088,183.146,216.675,76.232,202.878,,,260.16,204.899
2019-11-28,456.259,129.245,465.349,318.995,222.65,559.725,180.749,241.576,480.566,,311.314,284.743,64.021,54.169,123.801,158.734,110.36,51.531,450.423,323.848,207.938,116.917,155.487,186.023,120.972,103.255,178.963,214.961,76.532,200.831,,,259.457,201.397
2019-11-29,453.608,127.01,458.073,313.042,222.688,553.815,179.651,240.995,474.591,,308.272,280.322,58.925,62.918,122.638,157.362,110.839,50.723,446.526,312.578,203.243,114.866,153.342,185.727,120.872,104.469,174.425,212.547,76.881,199.771,,,258.411,198.838
2019-12-02,451.363,124.245,460.889,306.855,220.118,555.893,177.038,240.57,472.646,,301.872,273.371,56.141,63.232,122.22,155.808,110.313,52.708,446.379,316.496,197.167,113.407,151.642,185.537,122.364,103.936,182.103,209.104,76.489,195.31,,,258.126,193.33
2019-12-03,461.989,123.481,471.679,309.964,221.815,568.59,175.118,244.264,483.088,,304.443,277.294,57.14,54.644,122.997,156.29,109.583,51.952,455.416,331.138,198.79,112.619,159.133,184.819,124.949,106.416,200.045,209.53,77.108,195.629,,,263.871,191.94
2019-12-04,456.669,122.715,463.791,309.097,219.879,561.856,173.4,239.334,478.478,,300.45,287.855,58.336,59.772,121.804,154.048,108.329,50.937,447.817,326.7,193.582,112.289,157.732,183.271,125.154,111.532,191.576,207.789,77.09,193.126,,,254.959,186.969
2019-12-05,448.918,122.061,449.83,296.294,218.79,551.679,174.151,230.728,469.695,,298.48,279.199,53.458,64.046,120.632,152.609,107.197,50.671,438.42,307.907,191.069,111.686,152.697,182.543,125.842,111.587,179.511,205.429,77.19,192.143,,,246.742,186.105
2019-12-06,443.49,117.598,442.08,288.545,217.662,545.931,171.57,224.166,462.708,,299.505,278.059,52.846,63.704,118.884,150.724,108.549,50.067,431.559,298.179,188.55,109.853,154.289,181.131,125.966,111.618,166.154,204.845,76.592,190.276,,,238.318,183.79
2019-12-09,441.364,116.839,436.341,292.054,216.995,543.092,167.428,218.479,461.703,,298.723,281.699,51.357,55.366,116.909,147.376,103.909,49.287,427.474,285.909,182.318,109.745,145.421,181.105,126.257,111.596,157.364,204.662,76.064,188.605,,,232.907,182.039
2019-12-10,440.2,115.663,432.896,269.727,216.503,544.78,164.893,217.731,459.139,,295.67,261.927,48.53,63.319,117.336,147.127,103.1,48.805,424.048,288.51,179.797,109.815,139.303,181.283,125.129,110.897,158.539,204.161,76.627,187.407,,,232.084,180.281
2019-12-11,442.686,115.635,436.28,274.415,217.437,546.217,165.457,217.932,460.798,,296.253,266.7,48.755,65.681,117.022,145.491,102.206,48.961,422.136,288.539,179.541,109.732,136.033,180.683,125.043,110.703,161.345,204.122,77.141,188.143,,,234.157,180.183
2019-12-12,436.479,114.378,426.395,276.493,214.195,538.31,162.392,218.599,452.988,,290.749,267.073,46.132,65.339,116.248,144.318,103.215,46.659,417.271,279.163,176.64,107.865,133.86,181.143,125.656,110.035,146.625,199.974,77.289,184.213,,,236.049,177.981
2019-12-13,424.476,111.339,407.836,278.913,212.113,522.012,158.764,213.948,441.389,,286.726,270.028,41.172,60.708,112.063,140.074,98.936,47.045,410.387,248.177,172.204,104.889,126.236,176.999,126.858,113.177,123.737,197.185,77.025,181.951,,452.11,232.078,175.797
2019-12-16,423.06,110.421,404.612,278.532,210.195,519.431,154.691,212.438,439.599,,282.445,268.799,43.507,66.236,112.2,139.158,91.613,46.934,406.228,247.0,170.008,103.283,130.391,176.161,125.84,112.531,124.669,195.679,78.498,180.876,,444.689,229.867,173.614
2019-12-17,428.081,110.008,414.53,270.375,209.749,530.007,152.675,211.65,447.312,,283.415,255.278,42.705,62.198,111.484,137.979,91.925,46.66,405.567,260.773,169.001,102.486,133.264,175.064,125.407,114.41,143.886,194.452,77.088,180.352,,441.053,228.905,172.738
2019-12-18,425.511,108.98,418.144,268.545,207.197,532.898,148.337,212.092,446.201,,278.734,252.194,38.35,66.165,111.887,138.51,87.833,45.969,405.112,264.63,168.179,101.68,129.006,173.914,125.804,112.426,152.459,191.947,78.042,178.583,,438.269,229.687,170.614
2019-12-19,425.61,105.913,419.956,264.851,205.696,531.994,146.415,215.754,447.476,,276.663,245.555,37.314,61.735,111.823,138.739,89.255,44.292,405.681,269.49,168.959,97.65,139.47,173.568,125.355,113.414,158.912,189.35,78.33,176.989,,438.81,233.824,169.226
2019-12-20,426.565,105.182,421.698,263.036,205.429,533.09,143.593,215.92,450.132,,278.348,243.928,40.53,64.263,111.541,138.799,90.137,47.65,406.217,275.178,169.464,97.036,132.189,174.627,123.796,110.527,165.219,187.049,78.156,176.097,,437.218,234.21,167.056
2019-12-23,426.039,104.733,420.599,267.743,204.409,531.685,141.194,215.967,448.883,,277.303,246.249,28.349,64.286,112.237,137.69,87.432,46.732,406.218,274.392,167.713,95.814,133.86,172.695,124.371,105.345,158.89,188.1,80.282,176.745,,432.41,234.519,165.826
2019-12-24,425.216,100.777,417.967,269.825,205.134,529.538,140.179,216.149,447.262,,275.987,246.499,32.684,53.35,108.978,136.398,84.937,45.345,405.744,266.307,169.032,92.079,146.456,171.942,123.241,,147.051,182.971,77.848,176.588,,432.0,233.065,162.552
2019-12-25,,,,,,,,,,,,,,,,,,,,,,,,,124.149,,,,,,,,,
2019-12-26,,,,,,,,,,,,,,,,,,,,,,,,,122.857,,,,,,,,,
2019-12-27,425.392,104.431,418.994,274.617,204.359,529.397,141.889,215.037,447.056,,,249.64,33.367,61.988,112.472,138.818,92.696,46.962,404.947,265.648,167.498,95.24,130.695,172.654,123.009,108.145,143.867,186.725,78.45,176.561,,427.476,233.733,166.112
2019-12-30,420.391,102.791,416.024,276.362,202.302,526.984,139.787,217.506,443.201,,275.28,252.27,34.2,60.213,114.66,140.011,84.81,45.622,401.326,267.891,166.542,94.551,123.669,172.717,124.0,110.603,156.234,183.681,79.159,174.951,,423.246,235.872,163.67
2019-12-31,421.269,101.283,416.052,276.786,200.888,527.461,136.477,217.233,443.734,,274.423,253.578,31.273,50.449,113.438,138.438,89.274,47.083,402.3,268.921,166.737,92.593,118.014,175.637,121.04,,150.899,183.06,76.522,173.441,,422.967,235.57,160.203
2020-01-01,,,,,,,,,,,,,,,,,,,,,,,,,120.475,,,,,,,,,
2020-01-02,422.903,101.456,413.112,311.701,201.987,526.649,137.055,218.203,443.975,,275.58,309.885,30.456,51.59,114.048,139.637,96.433,40.377,400.878,260.462,167.264,94.487,114.954,172.516,122.651,105.261,143.616,182.479,78.897,173.926,,420.278,235.62,164.314
2020-01-03,427.136,103.611,415.619,307.896,203.089,531.725,137.352,219.636,449.313,,279.705,303.622,30.505,59.494,115.218,140.111,98.204,38.812,405.727,265.049,169.99,95.583,99.852,170.267,123.816,102.029,152.676,184.23,78.129,173.595,,418.899,238.781,164.859
2020-01-06,427.898,104.35,416.496,331.209,204.759,531.486,138.669,222.29,450.303,,281.673,324.547,32.758,55.231,116.226,140.473,99.467,39.702,407.97,268.258,171.168,97.489,111.77,170.047,124.061,106.62,152.386,185.357,76.2,174.545,,414.572,242.201,165.376
2020-01-07,423.709,106.101,413.156,330.659,206.019,524.855,140.744,225.462,448.68,,283.863,329.615,32.869,62.374,116.842,141.772,98.166,39.512,407.881,261.176,172.782,97.454,103.685,170.775,122.786,96.607,156.004,186.759,76.369,175.637,,413.521,244.286,166.732
2020-01-08,420.44,106.746,410.281,301.928,206.273,523.641,142.317,229.728,446.42,,282.335,312.621,32.659,67.065,119.471,144.756,101.241,41.109,411.153,258.688,177.399,97.366,110.214,171.207,121.577,95.563,162.355,187.379,76.131,176.593,,412.073,247.325,168.901
2020-01-09,407.354,106.827,384.32,263.296,205.709,497.934,143.517,226.078,432.512,,282.392,300.262,33.449,68.436,116.133,143.921,94.412,40.282,403.368,235.5,174.435,97.318,108.377,164.66,120.501,95.732,149.775,186.584,76.169,176.274,,413.073,241.361,168.719
2020-01-10,402.399,105.714,378.209,258.559,205.046,490.197,144.06,223.453,429.488,,280.996,299.125,34.198,66.329,114.867,142.091,94.083,40.836,401.969,231.514,174.028,96.623,88.726,159.216,124.294,97.452,148.332,186.043,74.879,175.69,267.959,410.928,238.573,168.96
2020-01-13,398.894,105.541,377.557,269.519,203.812,490.868,142.45,223.916,427.558,,279.677,308.906,34.59,63.499,116.584,144.522,90.841,41.38,401.837,231.394,177.058,96.011,89.722,158.384,121.923,92.592,149.592,184.884,75.382,174.225,271.682,406.419,240.044,167.708
2020-01-14,401.033,105.313,385.178,267.738,203.436,494.438,143.031,222.93,431.996,,279.557,301.469,36.248,60.702,116.009,145.592,90.536,45.035,402.517,240.417,177.986,95.316,96.808,156.628,119.313,88.503,152.313,184.84,75.44,173.6,271.733,405.729,237.435,168.428
2020-01-15,407.031,105.474,396.562,291.746,204.56,502.076,145.18,222.213,439.032,,277.443,346.073,34.874,60.848,115.011,146.564,90.115,45.818,405.527,256.415,181.524,95.924,98.422,155.929,119.408,91.932,164.37,185.441,75.431,174.896,271.652,404.036,236.456,169.333
2020-01-16,409.457,105.159,405.203,303.606,204.248,509.551,144.86,222.727,447.327,,280.538,365.081,35.013,66.728,115.666,147.955,85.277,45.241,407.2,263.266,185.584,95.939,89.471,156.472,120.598,89.989,169.141,185.105,75.537,175.27,272.029,401.818,236.297,170.646
2020-01-17,403.503,104.389,396.479,281.042,203.766,503.38,143.809,220.146,441.27,,279.498,344.378,34.139,61.713,116.535,147.725,85.397,45.805,402.963,253.831,185.106,94.991,86.462,157.164,122.594,90.499,159.097,184.571,75.838,174.641,268.29,398.799,232.976,170.161
2020-01-20,399.652,103.216,389.586,263.834,202.907,496.047,143.158,218.95,438.345,,277.413,331.986,34.233,64.198,115.232,147.983,83.964,45.855,398.327,247.001,184.48,92.842,82.681,158.137,120.79,80.561,155.679,183.949,75.731,173.642,266.13,395.337,229.798,168.939
2020-01-21,403.007,102.621,392.017,263.403,203.677,499.04,144.088,218.427,443.116,,279.374,332.373,34.861,65.143,115.419,148.01,84.159,47.07,400.545,252.627,186.406,92.57,83.507,158.325,120.7,81.467,160.715,184.378,75.221,173.934,265.914,395.415,229.281,169.06
2020-01-22,406.992,103.036,396.607,249.164,204.337,500.843,144.291,221.372,447.755,,280.951,303.019,34.678,75.796,118.335,151.971,86.794,47.291,406.124,266.156,190.759,93.515,96.781,158.644,120.37,81.479,168.32,184.935,75.413,174.826,269.121,393.409,233.992,169.548
2020-01-23,405.371,103.79,384.87,228.826,204.742,492.898,145.369,218.432,444.6,,283.425,267.013,34.966,71.996,116.835,150.095,81.962,46.074,403.518,253.753,190.176,93.457,89.064,158.21,119.306,82.155,162.07,185.654,74.905,175.506,266.688,392.195,230.567,171.577
2020-01-24,404.033,105.017,383.78,216.63,204.902,491.147,145.414,216.634,444.269,,284.483,238.355,35.884,67.431,116.466,149.516,79.731,47.246,397.963,252.757,189.238,93.605,83.893,159.883,118.586,80.818,156.584,185.932,74.768,176.11,265.366,391.887,229.098,171.773
2020-01-27,401.973,106.544,382.606,223.024,209.462,486.437,148.704,210.105,445.208,,291.94,241.514,37.381,63.225,114.688,144.262,76.969,52.952,390.086,251.922,185.036,96.384,80.994,161.295,118.678,79.982,159.038,190.429,73.484,179.927,259.329,393.159,223.414,176.179
2020-01-28,393.74,105.018,377.563,200.294,207.2,480.03,148.851,209.739,437.035,,290.774,208.103,38.853,72.17,113.741,145.761,74.047,55.17,388.554,245.163,185.129,94.708,84.938,164.469,117.184,76.311,154.245,188.804,73.253,178.419,257.331,392.76,225.067,175.573
2020-01-29,388.312,105.132,365.876,205.995,207.5,466.201,148.548,206.318,427.353,,293.909,213.228,38.225,58.847,112.977,143.951,72.322,52.919,382.405,231.806,181.593,94.233,82.981,164.14,116.492,74.144,143.064,188.78,72.47,178.712,252.549,392.626,222.623,175.381
2020-01-30,393.704,106.219,379.139,207.412,208.843,474.495,149.086,205.889,435.107,,291.469,217.23,39.688,66.126,112.666,144.563,72.191,50.65,385.085,244.163,183.333,94.193,72.684,164.77,117.873,69.632,147.842,189.419,72.519,178.576,253.317,392.95,223.386,175.759
2020-01-31,394.207,107.723,376.624,197.869,210.204,474.245,151.558,205.66,433.531,,296.234,205.368,41.158,70.011,113.303,143.886,71.627,52.323,380.41,242.184,183.568,94.81,73.576,165.388,120.239,68.479,144.341,190.624,72.719,179.496,253.404,393.109,222.99,178.338
2020-02-03,396.431,107.952,379.114,200.389,210.102,474.416,151.69,206.635,434.415,,297.253,212.284,39.535,69.114,113.177,144.595,71.351,52.803,385.223,244.967,184.776,95.289,79.332,166.207,120.665,72.191,148.732,191.402,73.034,179.564,255.822,351.769,224.373,179.195
2020-02-04,386.114,105.418,361.383,197.005,206.909,463.228,149.571,204.394,422.426,,293.021,202.121,38.586,68.436,111.141,142.058,68.371,51.47,373.107,231.341,180.964,94.156,78.795,165.449,118.825,73.638,139.834,188.194,72.313,176.834,249.646,346.274,220.195,177.445
2020-02-05,376.841,103.75,341.455,197.245,203.725,449.063,148.116,199.863,406.378,,288.562,205.062,39.045,66.701,107.662,139.18,64.252,52.06,356.474,221.601,177.021,93.172,72.076,160.144,115.975,70.963,134.446,185.235,73.231,174.126,240.982,342.335,216.132,174.737
2020-02-06,359.765,101.422,303.98,201.475,201.179,413.818,144.903,192.158,379.376,,288.648,212.737,38.664,61.102,103.639,131.824,58.372,50.514,334.697,198.091,169.895,91.737,68.906,153.904,114.941,68.999,117.681,183.557,71.468,171.545,229.918,344.69,205.411,173.021
2020-02-07,361.054,100.393,306.28,204.939,201.112,415.504,143.842,191.736,382.317,,290.641,217.927,38.913,64.948,102.887,130.374,57.513,51.989,333.49,200.791,169.44,91.823,59.352,153.807,114.942,69.87,120.14,184.195,70.94,171.178,228.963,346.449,204.955,171.527
2020-02-10,364.678,100.529,313.518,210.524,200.576,420.731,140.214,192.569,386.471,,291.909,226.972,39.27,67.381,103.559,130.633,57.629,51.375,333.166,210.137,170.372,91.504,73.754,147.008,115.763,68.215,125.26,182.912,71.19,168.706,228.959,344.737,206.57,167.383
2020-02-11,354.034,99.728,297.913,205.55,198.616,404.8,139.919,190.228,369.498,,290.074,217.263,41.211,66.777,101.842,129.214,55.526,50.741,324.537,198.559,167.835,91.044,72.573,137.954,114.214,66.318,121.102,181.074,71.472,166.76,225.302,342.023,203.911,165.434
2020-02-12,343.219,94.75,286.136,203.041,190.969,366.642,130.408,185.441,353.642,,284.279,210.923,40.444,59.242,101.149,127.06,55.489,50.595,316.929,188.249,163.629,86.685,73.825,135.053,114.448,65.381,116.261,172.775,70.082,157.937,215.474,342.012,194.776,154.974
2020-02-13,347.303,86.918,303.415,203.281,175.11,371.052,116.641,184.307,358.948,,267.791,209.142,38.203,62.63,100.068,126.197,54.133,50.806,312.495,202.106,164.054,78.376,67.227,134.34,109.568,64.294,122.72,156.286,69.468,148.093,217.064,342.516,195.357,142.079
2020-02-14,346.464,80.328,309.514,203.587,153.645,370.297,112.507,183.232,360.176,415.217,256.346,202.614,40.245,61.32,100.576,125.896,53.238,50.347,306.743,204.805,162.224,75.469,68.567,131.319,105.02,63.766,121.531,139.869,68.744,139.703,215.883,340.644,195.848,137.336
2020-02-17,347.318,78.152,313.043,203.83,148.679,374.683,111.323,182.836,362.948,416.944,257.989,201.873,40.733,53.253,99.383,125.446,52.429,50.076,297.866,202.274,161.16,75.729,58.758,128.202,101.756,65.172,119.541,135.452,69.358,135.479,216.187,356.359,196.257,136.963
2020-02-18,353.04,77.979,321.041,206.11,147.015,377.938,111.809,182.293,366.354,423.999,247.596,202.935,41.696,59.38,101.522,125.146,55.096,50.662,296.594,211.622,161.618,76.721,62.465,128.915,99.908,63.184,143.984,132.922,68.743,133.397,216.33,359.285,195.879,135.744
2020-02-19,353.141,78.271,321.954,209.077,146.891,379.79,113.095,180.672,367.147,425.261,245.349,206.307,42.048,59.465,100.262,123.77,53.378,49.706,293.355,210.828,159.462,76.568,57.877,128.093,98.495,63.784,140.261,131.377,67.012,132.005,215.451,360.828,195.216,134.223
2020-02-20,363.862,79.048,337.277,224.838,147.897,393.371,116.319,181.483,375.1,431.878,246.963,223.052,42.785,50.236,100.869,124.531,54.789,47.795,294.735,222.285,161.344,77.259,47.714,128.198,97.504,61.169,120.434,132.364,66.285,133.169,217.03,360.621,196.188,135.507
2020-02-21,372.083,79.64,353.854,222.716,148.753,404.068,118.071,184.795,381.312,438.104,248.948,221.922,42.48,48.033,102.484,126.705,52.736,48.231,296.978,242.324,162.929,78.364,44.239,128.933,92.906,60.813,123.445,132.817,66.949,134.474,221.014,361.866,201.391,137.086
2020-02-24,405.865,87.142,430.886,236.938,159.12,460.511,124.431,207.368,423.306,494.767,270.738,236.052,49.005,89.244,118.457,142.756,66.522,62.726,333.711,323.652,180.267,84.331,90.924,145.179,96.703,65.435,186.917,142.368,71.719,142.345,242.25,366.594,230.878,145.405
2020-02-25,411.171,92.566,451.051,241.426,166.111,477.736,134.027,219.941,432.377,504.859,300.571,241.97,52.199,84.766,123.445,149.464,70.852,60.863,360.691,324.449,191.251,91.811,86.191,175.606,100.002,67.8,196.647,149.308,70.967,149.839,252.139,368.399,244.213,151.767
2020-02-26,416.998,98.838,459.47,241.617,174.194,483.248,149.442,230.451,430.644,503.317,286.269,242.616,55.131,98.325,130.855,157.632,87.169,69.113,372.461,315.772,204.231,97.426,104.587,191.809,101.14,70.688,194.77,155.917,71.842,155.639,261.352,366.928,249.38,162.02
2020-02-27,443.614,104.529,521.805,245.99,180.263,523.621,162.547,253.058,464.313,560.001,289.966,249.986,56.506,99.276,142.69,170.829,88.922,70.716,397.61,366.024,226.921,103.676,123.203,217.401,107.692,70.627,239.088,163.456,75.349,161.497,279.066,377.997,270.32,169.649
2020-02-28,471.014,110.633,558.062,256.716,198.884,571.825,186.145,280.534,494.576,604.175,325.472,265.431,66.265,128.199,156.954,192.705,114.295,83.496,451.962,398.882,249.999,111.953,237.999,239.754,118.597,79.013,274.888,177.274,94.335,176.574,299.853,399.053,292.721,186.366
2020-03-02,471.519,124.676,558.544,262.266,214.5,579.883,209.316,287.053,495.768,599.968,336.868,272.342,82.326,149.514,161.464,196.739,109.277,86.304,463.077,390.929,254.748,124.672,226.43,254.318,129.27,92.062,267.358,198.538,98.852,197.608,308.408,402.617,298.996,206.593
2020-03-03,447.523,127.181,493.878,259.95,212.277,540.438,199.035,271.762,470.404,542.474,318.09,270.438,78.081,141.174,154.671,186.731,102.69,85.496,446.721,346.391,245.63,125.931,159.097,236.219,132.274,83.468,190.915,199.871,94.064,198.81,288.648,395.85,286.214,201.272
2020-03-04,432.819,123.37,483.92,263.016,208.25,541.53,188.574,267.766,455.11,560.115,296.362,270.724,76.635,132.018,151.842,181.52,97.293,83.778,439.679,316.289,244.74,121.099,173.012,225.6,137.026,76.781,163.535,196.802,92.119,194.083,286.283,390.193,279.455,193.104
2020-03-05,455.67,122.428,535.833,266.349,209.958,587.005,189.534,275.364,480.124,603.91,296.273,275.853,75.749,142.691,158.102,191.024,108.532,88.177,460.134,372.409,257.237,119.386,211.777,230.379,140.168,83.14,216.145,197.774,93.212,195.694,299.72,390.066,292.535,191.009
2020-03-06,487.001,135.445,623.306,281.049,222.69,657.724,203.518,304.812,530.27,671.08,316.32,297.427,82.622,169.906,176.24,212.374,119.954,109.787,505.392,469.077,284.88,132.349,257.47,243.84,196.272,86.478,314.554,210.065,97.496,208.775,335.269,403.636,337.487,203.55
2020-03-09,593.498,181.509,819.745,337.023,267.163,870.007,247.711,400.378,647.832,842.31,397.148,375.934,127.329,249.852,223.333,291.41,166.292,165.094,598.857,761.303,367.91,176.874,277.138,272.406,218.374,125.074,669.274,258.314,124.571,250.97,433.701,443.747,436.079,248.893
2020-03-10,572.66,185.333,782.911,343.891,269.301,828.293,249.571,392.76,626.462,800.607,393.911,384.646,129.82,228.642,222.376,293.002,162.593,168.405,581.384,679.591,359.369,181.827,280.951,296.596,232.032,132.577,563.34,262.022,141.344,252.182,427.497,441.156,432.953,247.744
