,Z_SPRD_MID,Z_SPRD_MID,Z_SPRD_MID,Z_SPRD_MID,Z_SPRD_MID,Z_SPRD_MID,Z_SPRD_MID,Z_SPRD_MID,Z_SPRD_MID,Z_SPRD_MID,Z_SPRD_MID,Z_SPRD_MID,Z_SPRD_MID,Z_SPRD_MID,Z_SPRD_MID,Z_SPRD_MID,Z_SPRD_MID,Z_SPRD_MID,Z_SPRD_MID,Z_SPRD_MID,Z_SPRD_MID,Z_SPRD_MID,Z_SPRD_MID,Z_SPRD_MID,Z_SPRD_MID,Z_SPRD_MID,Z_SPRD_MID,Z_SPRD_MID,Z_SPRD_MID,Z_SPRD_MID,Z_SPRD_MID,Z_SPRD_MID,Z_SPRD_MID,Z_SPRD_MID,Z_SPRD_MID,Z_SPRD_MID,Z_SPRD_MID,Z_SPRD_MID,Z_SPRD_MID
Ticker,AL241176 Corp,AL625600 Corp,AN216266 Corp,AN216270 Corp,AN763204 Corp,AP306580 Corp,AQ234625 Corp,AR547092 Corp,AR738766 Corp,AR738776 Corp,AR738797 Corp,AU350157 Corp,AU573105 Corp,AX121571 Corp,AX520482 Corp,AX751637 Corp,BG185059 Corp,BG185061 Corp,ED972798 Corp,EK098732 Corp,EK143492 Corp,EK315595 Corp,EK461618 Corp,EK588292 Corp,EK692104 Corp,EK803079 Corp,EK814844 Corp,EK846452 Corp,JK382986 Corp,JK718671 Corp,QJ587151 Corp,QJ736299 Corp,QZ498658 Corp,QZ975058 Corp,QZ999715 Corp,ZP389518 Corp,ZQ412374 Corp,ZQ412375 Corp,ZR673139 Corp
Refdate,,,,,,,,,,,,,,,,,,,,,,,,,,,,,,,,,,,,,,,
2019-01-01,,,,,,,,,,,,,,,,,,,12.377,,,,,,,,,,,,,,,,,,,,
2019-01-02,19.332,18.349,319.893,322.88,640.574,823.898,468.038,894.194,767.422,458.005,496.772,37.517,768.877,,,,,,12.739,3399.202,430.891,13.527,727.484,346.395,5.868,276.566,377.876,150.086,15.456,516.481,15.682,6.157,359.553,,,,,,
2019-01-03,20.368,19.559,330.941,332.052,656.709,849.992,489.582,914.359,786.824,479.454,512.962,39.173,790.147,,,,,,12.302,3876.537,448.301,14.41,753.619,350.93,6.696,299.113,389.33,151.367,16.364,538.141,16.323,6.973,383.535,,,,,,
2019-01-04,21.146,20.248,328.073,327.515,655.794,847.305,487.156,911.072,787.672,477.229,509.846,39.752,783.541,,,,,,12.401,3976.751,446.314,15.123,753.262,345.348,7.086,293.751,386.947,155.25,17.089,533.919,16.898,8.32,382.592,,,,,,
2019-01-07,21.605,20.37,323.573,324.145,652.991,846.233,474.354,907.72,782.399,464.985,503.709,40.302,777.973,,,,,,13.088,4010.443,434.992,15.546,752.732,341.053,7.538,280.784,376.249,158.225,17.455,530.22,16.529,8.287,371.046,,,,,,
2019-01-08,21.614,20.685,307.277,309.1,634.318,821.748,456.323,886.024,763.633,444.118,491.965,40.476,754.176,,,,,,13.44,3776.031,423.236,15.491,733.473,331.381,7.859,264.528,365.517,159.822,17.734,494.974,16.798000000000002,8.581,353.539,,,,,,
2019-01-09,22.734,25.395,300.332,303.251,605.342,787.275,442.198,843.756,735.064,418.977,471.502,48.831,729.057,,,,,,13.188,3303.73,407.531,16.881,697.962,310.224,8.577,215.207,338.996,160.069,18.564,457.716,19.274,9.478,330.192,,,,,,
2019-01-10,23.284,25.153,306.319,310.216,607.811,790.495,446.487,847.135,737.662,425.045,475.469,49.054,735.422,,,,,,15.514,3413.097,411.834,17.42,694.223,311.958,9.04,212.412,338.172,169.487,19.141,458.275,19.1,9.919,333.885,,,,,,
2019-01-11,23.662,25.275,305.269,308.516,584.232,759.456,426.051,830.054,721.358,418.902,466.581,49.292,718.419,,,,,,15.608,3149.711,408.141,17.327,670.804,310.389,9.113,207.006,333.351,169.788,19.102,434.529,19.181,10.018,325.416,,,,,,
2019-01-14,23.994,25.061,308.553,311.83,601.145,778.737,435.755,845.823,741.082,432.314,475.51,49.187,740.021,,,,,,15.339,3535.891,417.997,17.726,703.322,321.894,9.264,218.427,339.187,170.294,19.304,449.705,19.321,10.253,333.985,,,,,,
2019-01-15,24.109,24.892,307.266,310.51,600.37,770.756,440.566,847.768,740.524,434.827,478.083,49.382,735.995,,,,,,15.328,3517.089,417.686,17.739,699.432,324.135,9.164,219.159,340.299,168.608,19.245,437.64,19.069,10.269,334.164,,,,,,
2019-01-16,24.22,24.965,301.448,304.022,581.719,743.719,429.9,827.175,724.174,421.939,469.505,49.456,695.689,,,,,,15.423,3175.399,407.463,17.875,675.509,317.224,9.157,209.058,334.452,164.774,19.407,404.243,18.918,10.296,324.424,,,,,,
2019-01-17,24.175,25.06,299.417,303.923,579.816,744.03,440.925,828.311,723.378,426.461,474.241,49.511,693.404,,,,,,13.54,3295.854,412.852,17.772,676.609,315.98,9.253,210.127,335.294,162.271,19.319,399.033,19.043,10.48,330.092,,,,,,
2019-01-18,23.786,24.735,299.0,297.565,562.007,714.722,427.121,809.11,706.866,415.693,468.991,49.247,664.198,,,,,,13.692,2845.705,402.012,17.511,636.008,305.45,9.12,195.821,325.403,156.432,18.868,371.287,18.664,10.539,313.798,,,,,,
2019-01-21,23.938,24.696,303.438,301.759,570.343,723.88,425.809,820.698,715.748,415.112,472.238,49.024,675.036,,,,,,13.935,2995.895,401.905,17.537,643.345,300.366,8.855,194.72,321.828,154.425,18.706,382.915,18.726,10.234,312.909,,,,,,
2019-01-22,23.814,24.553,299.838,298.386,589.495,740.354,440.11,844.595,741.542,431.066,483.615,49.209,704.443,,,,,,13.927,3372.343,410.605,17.497,658.802,304.116,8.824,208.298,326.253,154.236,18.68,406.874,18.403,10.106,324.657,,,,,,
2019-01-23,23.883,24.759,299.714,300.637,584.842,733.002,444.229,838.319,737.193,436.436,489.202,49.302,691.332,,,,,,14.481,3248.732,414.132,17.555,645.314,307.494,8.858,218.816,331.347,155.058,18.515,401.203,18.714,10.329,328.718,,,,,,
2019-01-24,23.83,24.469,303.467,302.587,576.067,713.002,448.745,820.047,725.103,441.294,492.343,49.149,676.421,,,,,,13.658,3028.11,414.447,17.501,631.062,309.72,8.572,219.973,334.497,145.985,18.34,386.499,18.762,10.047,330.095,,,,,,
2019-01-25,23.739,24.277,303.318,303.274,557.957,675.949,440.065,800.072,710.908,430.628,485.338,49.186,647.723,,,,,,13.837,2547.039,404.398,17.36,605.045,305.533,8.71,212.656,329.852,140.626,18.174,351.522,18.224,9.707,323.525,,,,,,
2019-01-28,23.714,23.964,305.838,303.628,569.176,680.799,438.53,805.906,720.06,428.258,481.717,49.268,655.626,,,,,,15.168,2580.225,399.164,17.412,613.11,305.721,8.629,212.455,330.251,140.554,18.173,364.051,17.994,9.583,323.294,,,,,,
2019-01-29,23.617,23.818,309.081,307.632,570.539,676.379,438.1,807.54,719.424,428.877,481.495,49.135,658.02,,,,,,14.434,2455.822,399.674,17.394,607.872,306.668,8.779,212.874,331.067,141.005,18.04,363.869,17.964,9.428,323.001,,,,,,
2019-01-30,23.44,23.133,314.902,310.812,573.086,679.745,424.746,813.381,726.478,418.692,471.368,48.611,658.909,,,,,,14.913,2930.019,386.571,17.04,614.91,302.693,8.655,208.275,326.598,138.062,17.794,363.552,17.301,9.054,317.602,,,,,,
2019-01-31,22.965,22.402,321.127,324.362,558.988,665.347,400.155,795.786,716.794,392.215,452.853,48.213,642.243,,,,,,13.694,2469.149,365.781,16.434,586.906,293.846,8.296,189.094,315.96,132.348,17.592,340.434,16.351,9.032,295.718,,,,,,
2019-02-01,22.404,21.728,317.788,318.613,580.184,675.347,403.435,803.866,733.056,393.341,450.673,47.723,652.802,,,,,,13.046,2670.686,366.946,16.103,594.869,291.903,7.731,192.591,311.575,130.047,16.834,357.532,15.932,8.703,292.908,,,,,,
2019-02-04,21.805,21.757,313.422,315.661,593.01,682.789,404.055,808.708,750.04,396.259,450.822,47.597,662.85,,,,,,12.554,2839.017,366.965,15.998,604.782,292.451,8.355,198.277,312.255,132.28,16.791,368.858,15.065,8.262,289.477,,,,,,
2019-02-05,20.706,21.883,306.696,307.158,579.717,674.394,386.181,799.768,740.48,383.374,440.407,47.584,657.226,,,,,,11.555,2707.019,357.001,15.391,592.3,289.165,8.124,194.096,306.216,132.36,16.352,360.229,14.867,7.573,273.493,,,,,,
2019-02-06,19.32,20.62,292.128,292.052,563.701,627.957,377.358,753.478,721.525,374.949,434.206,46.605,637.42,,,,,,11.099,1423.893,352.911,13.782,547.666,288.051,7.089,192.292,305.173,131.404,15.429,347.929,13.891,6.471,266.784,,,,,,
2019-02-07,18.519,18.996,299.26,295.229,583.753,642.729,403.521,769.263,742.59,399.969,458.451,45.601,656.574,,,,,,11.296,1670.019,372.643,13.096,567.795,299.857,6.012,214.179,321.056,130.522,13.632,369.769,12.521,5.877,291.179,,,,,,
2019-02-08,18.266,18.097,309.832,307.222,590.341,650.835,421.065,775.976,750.926,416.35,466.688,45.136,664.999,,,,,,10.221,1707.56,383.311,12.856,581.784,314.278,5.797,227.106,329.903,131.495,13.068,377.489,12.335,5.209,302.784,,,,,,
2019-02-11,17.728,17.307,308.51,306.992,592.047,656.873,416.746,779.514,750.081,415.093,462.588,44.641,665.998,364.407,,,,,10.685,993.878,375.869,12.557,588.704,311.141,5.583,226.585,326.591,132.058,12.539,381.291,11.419,4.616,299.2,,,,,,
2019-02-12,16.794,17.17,304.436,303.458,588.714,682.954,382.967,803.667,747.138,391.48,443.769,44.568,661.264,360.295,,,,,8.805,3988.744,351.289,11.898,627.506,296.145,5.34,218.279,312.994,131.528,12.429,373.921,11.198,5.088,279.72,,,,,,
2019-02-13,16.538,16.734,301.929,298.488,584.755,669.927,379.87,799.759,745.56,387.155,439.226,44.614,653.53,362.823,,,,,9.527,1187.323,348.035,11.744,597.363,289.057,4.703,214.301,306.545,130.522,12.098,361.357,11.066,4.136,280.018,,,,,,
2019-02-14,16.005,16.574,300.894,297.932,584.708,671.187,381.588,807.958,750.912,390.209,444.034,44.211,654.72,369.394,,,,,7.5600000000000005,1230.348,349.448,11.47,595.44,289.179,4.303,214.532,304.818,130.896,11.74,359.008,10.821,3.6790000000000003,282.613,,,,,,
2019-02-15,15.761,15.368,299.354,297.053,588.257,675.141,384.442,814.967,755.296,398.698,452.132,43.563,656.255,366.532,,,,,7.638,1230.284,350.578,11.362,599.98,289.471,4.271,216.957,303.02,130.815,11.655,361.771,10.239,3.168,288.154,,,,,,
2019-02-18,15.461,14.956,294.102,295.364,580.443,658.322,378.115,806.286,749.081,388.387,443.457,43.486,636.54,363.809,,,,,7.618,1123.703,347.065,11.485,580.252,287.093,4.119,216.047,299.733,130.656,11.689,340.53,9.791,2.786,279.633,,,,,,
2019-02-19,15.4,14.368,292.753,294.143,583.16,658.944,374.876,807.707,751.574,385.699,440.929,42.796,636.035,364.066,,,,,8.824,1139.449,341.949,11.328,575.84,281.866,4.027,212.235,296.209,130.483,11.551,335.711,9.057,2.792,274.353,,,,,,
2019-02-20,15.109,12.983,292.902,293.208,586.645,664.475,378.856,808.831,754.704,390.15,446.016,42.485,637.338,364.62,,,,,7.203,1185.687,347.831,11.23,581.459,284.387,3.903,210.684,298.179,129.877,11.364,335.339,8.418,2.277,276.62,,,,,,
2019-02-21,14.94,12.365,289.276,288.404,586.64,661.553,385.664,806.968,754.43,393.164,450.746,41.581,632.469,362.313,,,,,8.129,1184.458,352.415,10.862,577.275,283.945,3.694,206.223,296.87,128.402,11.249,332.604,8.554,2.064,284.055,,,,,,
2019-02-22,14.859,12.026,286.818,290.569,589.513,662.673,391.56,808.404,757.068,399.161,457.749,41.376,631.689,364.392,,,,,7.7780000000000005,1204.81,358.046,10.709,574.106,284.95,3.351,203.365,299.438,127.176,11.023,329.847,8.183,2.063,292.268,,,,,,
2019-02-25,14.264,10.423,278.568,280.4,575.662,644.155,374.939,795.164,741.798,383.732,446.435,41.073,609.927,363.421,,,,,6.938,1007.83,344.371,10.525,547.381,277.663,3.577,194.589,294.339,126.299,10.739,302.457,7.572,2.417,278.687,,,,,,
2019-02-26,14.383,10.834,273.481,275.919,563.025,632.012,358.308,780.38,726.467,362.536,437.065,41.019,591.667,359.278,,,,,9.433,903.774,332.802,10.722,531.196,271.951,3.539,190.815,293.167,125.681,10.805,284.013,7.253,2.221,260.803,,,,,,
2019-02-27,13.945,10.494,269.342,271.263,557.698,626.838,341.9,774.985,721.083,345.116,429.631,40.611,588.594,353.243,,,,,6.786,952.612,319.087,10.399000000000001,532.678,252.577,2.918,181.411,286.049,123.019,10.61,284.583,7.315,1.874,247.244,,,,,,
2019-02-28,13.787,9.857,279.984,276.367,548.029,610.738,345.459,752.3,703.96,341.626,429.81,40.268,575.559,347.278,,,,,6.471,941.914,319.05,10.366,499.533,246.093,2.607,170.451,281.636,122.012,10.204,273.887,7.13,1.811,249.771,,,,,,
2019-03-01,13.619,10.013,278.06,274.265,538.74,599.404,364.508,733.075,695.88,364.482,450.541,39.536,568.742,343.798,,,,,5.726,988.848,337.615,10.186,488.48,253.144,2.502,173.616,282.663,120.967,10.061,278.837,7.256,1.431,272.759,,,,,,
2019-03-04,13.531,9.98,272.788,270.545,543.365,604.867,366.992,737.343,701.555,365.879,452.883,39.668,577.08,342.126,,,,,6.509,1033.724,339.238,10.003,495.209,254.315,2.433,174.034,284.409,121.083,10.063,288.834,7.394,1.509,277.841,,,,,,
2019-03-05,13.938,9.991,267.946,266.407,550.143,615.657,369.852,742.677,710.351,364.031,436.755,39.471,585.66,344.253,,,,,6.083,1139.027,345.572,10.45,510.983,250.322,2.746,175.976,284.491,122.177,10.48,301.159,7.211,1.819,279.455,,,,,,
2019-03-06,13.902,10.005,274.114,273.96,563.353,627.327,398.703,748.762,726.246,392.805,455.275,39.091,606.03,350.146,,,,,5.851,1168.466,376.674,10.205,522.558,256.834,2.8449999999999998,180.048,288.552,122.607,10.498,316.182,7.185,1.689,297.736,,,,,,
2019-03-07,13.983,9.185,284.301,283.935,561.119,631.701,406.283,753.729,725.797,402.163,463.067,37.927,609.553,353.212,424.573,,,,6.88,1155.804,384.211,9.831,519.908,263.301,2.557,188.334,297.387,121.851,9.809,313.131,6.08,1.316,303.71,,,,,,
2019-03-08,13.212,8.853,288.584,281.375,571.402,642.151,410.816,761.237,734.736,405.745,464.154,36.879,622.154,369.87,425.789,,,,4.345,1278.225,386.761,9.504,532.174,266.831,2.6390000000000002,191.683,299.872,122.949,9.562,327.876,5.723,1.263,308.121,,,,,,
2019-03-11,12.551,8.54,280.916,281.891,568.609,634.432,391.495,756.283,733.223,387.279,451.696,36.837,609.911,366.133,412.992,,,,9.97,1246.222,368.95,8.893,520.157,258.605,1.249,186.079,297.694,121.679,8.657,319.92,5.325,0.273,291.691,,,,,,
2019-03-12,12.673,7.739,273.225,276.891,557.689,624.578,379.097,742.961,723.413,372.126,440.688,34.37,601.203,361.854,406.451,,,,5.664,1218.739,362.764,8.88,502.907,245.336,1.086,178.692,291.167,118.879,8.818,307.61,4.361,-0.091,278.965,,,,,,
2019-03-13,12.413,7.322,270.533,275.332,546.776,613.374,370.061,732.063,714.217,360.422,425.417,33.369,589.075,354.974,399.551,,,,3.974,1181.938,356.321,8.622,491.181,237.603,0.81,168.724,285.483,116.859,8.36,298.033,3.885,-0.2,270.617,,,,,,
2019-03-14,12.076,6.217,261.781,267.568,536.619,604.21,357.641,716.025,704.522,346.099,410.527,31.895,582.629,346.763,384.042,,,,5.821,1191.346,337.523,8.129,479.447,233.349,-0.41500000000000004,165.469,282.95,113.355,8.184,287.89,3.409,-0.887,260.62,,,,,,
2019-03-15,11.999,5.242,261.746,267.41,533.48,603.152,361.034,713.477,702.952,350.829,415.626,31.494,581.983,341.182,394.095,,,,6.391,1181.763,339.383,7.929,475.424,235.015,-0.993,173.963,282.098,110.819,7.522,288.322,3.157,-1.583,263.225,,,,,,
2019-03-18,11.707,4.332,258.295,265.608,527.974,597.03,356.933,706.295,697.421,351.141,416.225,30.207,580.257,336.214,387.52,,,,5.318,1134.542,335.687,7.626,467.893,233.915,-1.022,168.393,276.757,110.137,7.111,285.656,3.021,-1.888,260.666,,,,,,
2019-03-19,11.365,2.922,249.349,260.335,531.513,600.978,353.498,706.274,703.949,348.893,412.832,29.718,588.41,336.661,383.187,,,,5.033,1140.391,330.891,7.195,474.417,235.201,-2.012,164.152,271.712,109.206,6.467,309.899,1.94,-2.307,254.134,,,,,,
2019-03-20,10.359,2.05,257.182,257.736,547.483,619.603,369.012,726.157,718.363,365.145,427.459,29.154,613.819,345.564,396.048,,,,5.032,1300.327,343.286,6.616,495.449,239.967,-2.748,171.331,274.33,107.94,5.788,338.969,1.681,-2.608,268.074,,,,,,
2019-03-21,10.395,1.778,269.49,266.556,554.566,626.252,377.338,729.205,725.431,374.157,432.981,28.902,616.911,354.138,397.298,606.026,,,8.413,1297.678,348.021,6.559,497.25,251.388,-2.896,175.069,276.74,106.526,5.432,343.21,1.341,-2.9939999999999998,268.108,,,,,,
2019-03-22,9.993,1.832,274.838,269.213,575.99,644.471,389.349,746.408,745.657,388.244,438.968,29.143,639.829,366.731,404.134,621.595,,,5.208,1406.674,356.983,6.158,517.307,255.986,-2.911,177.276,279.691,106.828,5.291,362.683,1.859,-3.075,275.239,,,,,,
2019-03-25,10.09,2.232,277.975,272.647,591.423,658.481,394.257,759.071,756.267,392.459,443.911,28.897,659.749,374.088,408.507,633.499,,,4.417,1550.703,359.992,6.368,545.027,261.685,-2.8970000000000002,179.186,280.666,107.462,5.557,385.438,1.826,-2.826,280.848,,,,,,
2019-03-26,10.016,2.245,276.047,270.197,583.187,649.52,384.558,746.275,742.706,380.856,435.665,28.799,643.292,369.171,398.808,612.88,,,3.821,1386.775,350.457,6.19,524.485,255.801,-3.01,172.41,277.284,105.213,5.212,381.657,1.465,-2.822,265.973,,,,,,
2019-03-27,10.495,2.178,279.499,273.758,588.101,655.613,382.222,750.712,746.069,380.778,437.393,28.862,664.07,370.588,396.05,632.236,,,3.148,1399.726,351.681,6.241,534.873,255.545,-2.724,170.203,280.814,105.024,5.27,400.384,1.54,-2.823,263.192,,,,,,
2019-03-28,10.093,2.192,276.629,271.002,588.374,654.49,372.629,749.091,744.293,369.418,431.898,28.867,668.655,368.93,387.597,636.016,,,4.215,1436.968,344.572,6.169,537.815,249.605,-3.759,159.757,272.282,104.456,5.828,401.898,1.5350000000000001,-3.558,254.622,,,,,,
2019-03-29,9.892,2.212,270.82,268.507,580.883,643.585,362.031,737.534,735.792,356.453,423.291,28.502,656.008,363.338,376.266,621.515,,,4.272,1365.837,335.966,5.912,524.546,243.248,-3.667,146.528,264.922,102.076,5.157,383.635,1.09,-3.487,246.589,,,,,,
2019-04-01,10.164,1.899,253.393,262.738,568.419,631.558,335.266,725.101,721.64,336.982,414.183,28.995,639.174,353.667,353.058,603.38,,,4.491,1295.74,320.774,6.204,512.242,238.414,-3.6870000000000003,140.074,254.352,100.789,5.263,358.735,0.9480000000000001,-3.729,231.038,,,,,,
2019-04-02,10.086,1.892,235.216,239.249,572.849,635.227,337.041,727.698,725.231,339.003,416.884,28.576999999999998,645.49,350.053,355.888,609.023,,,2.391,1307.324,322.168,6.19,511.903,238.842,-3.817,137.416,250.895,100.282,5.18,370.036,1.163,-3.697,235.348,,,,,,
2019-04-03,9.193,1.177,228.988,234.105,557.496,620.636,334.553,713.806,708.945,338.327,412.529,27.677,628.853,341.816,351.752,592.868,,,2.502,1212.253,319.35,5.254,498.317,236.157,-3.517,135.396,243.812,97.241,4.785,353.239,0.668,-3.673,235.305,,,,,,
2019-04-04,8.984,0.966,239.277,237.567,551.826,618.118,339.174,714.765,705.028,343.031,413.784,26.555,622.144,337.774,357.659,590.996,,,6.791,1148.862,321.62,5.181,494.468,236.965,-3.5220000000000002,135.216,244.179,95.572,4.696,343.426,0.5690000000000001,-3.724,239.864,,,,,,
2019-04-05,8.862,1.166,243.288,243.571,532.947,595.115,339.762,692.023,685.915,342.736,412.296,26.431,598.652,327.936,359.044,574.375,,,1.431,1037.612,321.732,4.875,476.482,237.284,-4.204,136.077,243.834,92.31,4.511,318.392,0.6980000000000001,-3.917,240.136,,,,,,
2019-04-08,8.409,0.687,243.438,243.654,530.53,595.216,344.471,690.331,684.233,345.708,412.158,26.194,600.706,324.613,361.762,573.246,,,1.469,1019.829,321.891,4.707,481.814,238.01,-3.862,135.341,243.994,92.542,4.098,320.463,0.516,-4.001,243.453,,,,,,
2019-04-09,8.267,0.603,239.499,240.65,522.192,588.348,346.365,683.81,677.611,346.943,413.033,26.01,591.473,321.782,364.079,565.795,,,2.443,899.688,322.324,4.572,470.09,237.109,-3.886,135.757,244.577,90.775,4.181,309.248,0.276,-3.868,244.025,,,,,,
2019-04-10,8.141,0.9390000000000001,240.771,242.27,516.23,577.933,346.567,679.558,669.142,346.02,412.839,25.817,587.765,316.133,361.436,563.039,,,0.88,805.484,324.072,4.505,464.496,239.802,-3.876,134.845,244.845,90.569,3.841,302.173,0.162,-3.855,245.927,,,,,,
2019-04-11,7.61,0.511,232.011,235.564,502.94,561.363,336.765,664.247,646.824,338.551,407.175,25.779,564.768,308.023,353.926,539.359,,,2.449,778.48,314.475,4.429,450.211,234.438,-3.8120000000000003,129.483,240.3,88.744,3.813,287.01,0.234,-3.755,236.978,,,,,,
2019-04-12,7.598,0.437,226.88,228.596,500.82,553.414,325.166,663.252,643.679,324.801,391.272,25.657,563.34,299.699,338.153,539.35,,,3.334,826.63,301.292,4.209,450.664,227.664,-4.025,123.676,230.726,85.186,3.6390000000000002,288.068,0.51,-3.83,226.147,,,,,,
2019-04-15,7.665,0.095,220.994,218.1,499.901,549.675,313.915,662.149,642.14,317.325,381.791,25.472,563.001,298.047,319.877,538.592,,,4.064,827.913,285.989,4.195,448.064,223.501,-4.057,115.767,222.982,81.976,3.716,286.954,0.082,-4.091,211.053,,,,,,
2019-04-16,7.159,-0.536,209.175,207.947,500.709,533.494,319.118,650.805,640.297,322.875,382.838,24.935,565.755,291.435,317.648,539.306,,,4.148,747.237,287.015,3.785,436.55,222.481,-4.204,116.143,220.691,80.346,3.2,291.98,0.066,-4.003,210.36,,,,,,
2019-04-17,6.636,-0.29,209.247,200.707,501.164,525.623,330.474,649.674,638.734,329.046,384.344,24.672,563.967,291.146,318.123,538.919,,,2.169,743.906,286.419,3.547,435.769,221.431,-4.201,116.686,220.072,79.128,3.125,290.84,-0.263,-4.244,214.028,,,,,,
2019-04-18,6.374,-0.512,213.331,211.723,505.133,527.733,336.909,653.969,643.012,335.041,389.393,24.189,565.15,288.449,328.406,541.917,,,3.794,767.032,289.791,3.673,435.97,223.012,-4.269,118.066,224.295,78.669,3.086,289.927,-0.511,-4.628,221.125,,,,,,
2019-04-19,,,,,,,,,,,,,,,,,,,3.785,,,,,,,,,,,,,,,,,,,,
2019-04-22,,,,,,,,,,,,,,,,,,,3.847,,,,,,,,,,,,,,,,,,,,
2019-04-23,6.184,-0.485,208.915,206.331,504.647,527.476,338.318,648.727,642.735,335.717,388.335,24.252,566.594,288.762,328.532,540.659,,,1.8050000000000002,761.918,290.694,3.373,435.306,221.301,-4.391,115.899,221.212,77.988,2.572,291.069,-0.225,-4.791,219.018,,,,,,
2019-04-24,6.164,-1.9889999999999999,209.219,206.563,510.333,530.026,344.075,649.638,649.942,340.898,391.916,23.386,571.945,289.573,333.246,545.995,,,2.152,697.873,295.679,3.359,436.176,218.242,-4.383,113.62,222.231,76.436,2.308,295.215,-1.078,-4.718,220.287,,,,,,
2019-04-25,5.899,-2.172,246.332,233.215,516.683,537.086,361.055,651.721,661.66,352.807,395.182,23.297,579.86,292.846,342.678,553.621,,,2.259,703.1,302.908,3.137,438.901,218.903,-4.409,114.009,220.168,74.779,2.174,304.887,-1.095,-4.74,223.455,,,,,,
2019-04-26,5.656,-2.475,253.012,241.211,518.831,538.936,377.637,653.42,665.15,367.416,401.242,22.407,583.22,295.366,350.493,557.033,,,1.891,672.193,310.027,3.237,438.219,219.765,-4.629,115.316,221.45,73.482,1.9689999999999999,309.101,-1.235,-4.7940000000000005,236.759,,,,,,
2019-04-29,5.47,-2.189,251.374,238.317,512.085,526.478,364.742,644.572,658.446,357.993,395.304,22.396,574.864,292.335,344.121,544.326,,,3.675,600.07,304.734,3.362,430.56,211.09,-4.188,112.315,218.177,72.814,2.307,297.581,-1.318,-4.595,230.289,,,,,,
2019-04-30,4.463,-2.985,253.094,240.36,508.134,519.863,354.599,638.448,654.524,346.504,388.813,21.535,571.138,290.777,337.114,538.563,,,2.159,551.157,298.586,2.6870000000000003,426.353,205.454,-4.898,108.937,212.32,68.172,1.673,295.636,-1.687,-5.435,227.085,,,,,,
2019-05-01,,,,,,,,,,,,,,,,,,,2.185,,,,,,,,,,,,,,,,,,,,
2019-05-02,4.561,-2.888,253.292,253.288,504.906,518.517,344.226,627.307,656.322,335.619,381.497,21.452,569.158,290.458,328.84,537.128,,,3.81,509.291,291.935,2.685,422.113,201.159,-4.994,105.678,209.391,65.422,1.552,290.745,-1.429,-5.732,220.568,,,,,,
2019-05-03,4.377,-2.949,253.501,253.386,511.67,521.483,350.068,626.857,663.597,337.587,382.489,21.251,571.614,290.457,331.729,538.917,,,1.96,557.313,292.878,2.337,422.641,200.096,-4.896,103.02,208.735,65.297,1.377,293.005,-1.833,-5.337,223.364,,,,,,
2019-05-06,4.299,-3.393,253.459,249.457,512.829,523.936,352.668,631.563,666.675,338.546,383.883,21.41,576.982,291.797,333.346,541.893,,,3.912,722.409,292.625,2.462,425.904,200.312,-5.168,99.118,208.498,65.402,1.204,295.985,-1.9380000000000002,-5.91,222.16,,,,,,
2019-05-07,4.231,-3.505,264.619,255.344,531.696,545.152,369.967,653.739,691.7,355.146,404.431,21.429,607.716,298.669,351.518,573.816,,,3.18,942.502,311.374,2.229,446.746,212.898,-5.109,121.213,225.962,66.358,1.327,338.766,-1.8210000000000002,-5.864,245.455,,,,,,
2019-05-08,4.211,-3.548,270.622,275.352,544.682,574.128,390.076,680.142,709.973,368.871,415.875,21.423,625.322,316.53,361.544,586.18,,,2.185,1264.855,321.042,2.156,463.397,222.434,-4.944,141.445,239.716,69.046,1.436,353.774,-1.945,-5.79,270.183,,,,,,
2019-05-09,4.322,-3.335,276.732,282.556,568.698,604.475,398.897,712.068,735.796,375.694,419.97,21.501,651.463,332.753,367.949,610.8,,,6.44,2092.582,328.055,2.126,492.781,230.216,-4.777,146.099,245.185,70.434,1.275,378.125,-1.647,-5.572,276.751,,,,,,
2019-05-10,4.257,-3.526,273.878,278.061,551.673,583.81,377.778,694.696,716.443,360.186,409.27,21.189,629.776,328.432,355.418,599.571,,,2.257,1567.648,318.582,2.002,469.632,226.402,-4.629,139.044,240.129,70.638,1.327,346.362,-1.957,-5.407,265.031,,,,,,
2019-05-13,4.679,-3.226,275.279,281.429,564.321,598.89,385.45,709.151,733.388,368.017,419.836,21.253,643.545,336.127,368.537,613.25,,,4.087,2146.383,329.432,2.027,483.627,234.311,-4.624,143.1,244.646,71.237,1.469,366.152,-2.093,-5.128,275.709,,,,,,
2019-05-14,4.23,-3.394,272.711,277.517,562.594,596.05,376.403,706.409,729.697,360.787,417.547,21.071,639.448,335.618,364.479,609.32,,,1.433,2080.733,325.881,2.09,475.975,236.022,-4.6129999999999995,143.354,244.767,70.992,1.379,354.748,-1.9649999999999999,-5.187,271.126,,,,,,
2019-05-15,4.369,-3.383,271.385,276.089,566.161,598.524,374.595,710.337,734.287,358.559,417.553,21.283,641.065,337.016,365.307,607.213,,,2.246,2195.403,324.881,2.046,479.158,234.422,-4.632,141.585,245.061,70.359,1.3559999999999999,351.393,-2.06,-5.133,270.646,,,,,,
2019-05-16,4.109,-3.558,261.23,267.277,546.025,574.258,364.344,691.641,703.22,349.6,411.831,21.174,615.796,330.183,356.402,585.073,,,3.124,824.798,318.357,1.862,455.45,231.202,-4.707,135.02,242.309,70.149,1.165,328.171,-1.839,-5.048,263.284,,,,,,
2019-05-17,4.24,-3.215,255.993,258.593,547.774,575.63,367.675,691.38,704.643,350.319,414.32,21.457,615.934,330.314,358.423,586.27,,,3.8369999999999997,830.757,320.218,1.991,455.854,231.313,-4.51,135.358,244.083,70.84,1.232,329.302,-1.7530000000000001,-4.94,266.659,,,,,,
2019-05-20,4.344,-3.06,248.926,255.48,552.818,581.239,364.828,696.65,709.954,351.452,414.45,21.456,624.915,331.082,357.91,593.112,,,1.409,864.184,317.314,1.782,462.449,231.475,-4.463,133.914,244.361,69.177,1.203,338.94,-1.728,-5.092,265.678,,,,,,
2019-05-21,4.284,-3.004,242.553,252.106,553.618,580.91,366.217,696.545,710.397,351.182,415.202,21.709,624.958,331.105,359.906,591.06,,,2.273,862.81,314.871,1.7109999999999999,461.43,232.823,-4.349,134.75,246.736,70.736,1.408,338.57,-1.506,-5.085,263.987,,,,,,
2019-05-22,4.318,-3.163,236.728,248.99,562.037,591.777,369.457,705.493,719.254,361.683,424.571,21.595,631.506,332.882,372.758,602.923,,,4.427,905.56,320.149,1.7229999999999999,475.974,238.627,-4.501,145.692,252.59,71.495,1.363,352.271,-1.323,-4.885,263.489,,,,,,
2019-05-23,4.346,-2.5,249.318,256.287,577.525,606.824,381.778,722.061,741.055,380.212,438.694,21.752,652.058,341.473,386.588,621.112,,,4.665,1033.619,331.004,1.741,498.033,252.5,-4.452,163.326,265.879,75.916,1.413,371.43,-1.109,-4.895,272.018,,,,,,
2019-05-24,4.382,-2.713,247.821,249.32,572.297,603.088,376.56,717.437,734.628,375.771,435.97,21.733,645.087,339.8,378.226,613.009,,,2.368,999.809,325.838,1.933,498.238,252.035,-4.378,160.151,263.129,75.414,1.5310000000000001,358.721,-1.328,-4.907,267.185,,,,,,
2019-05-27,4.429,-2.9450000000000003,247.185,246.994,574.022,601.934,374.933,717.1,734.542,378.899,440.193,21.613,645.826,337.152,380.354,611.488,,,2.022,994.525,326.947,1.933,504.977,251.68,-4.317,158.079,265.41,75.083,1.399,351.674,-0.9460000000000001,-4.393,265.441,,,,,,
2019-05-28,4.428,-2.719,248.593,250.991,579.893,608.426,374.721,721.625,741.708,371.84,433.215,21.868,646.874,339.811,374.612,613.944,,,2.58,1021.962,323.932,1.9729999999999999,499.936,254.271,-4.204,157.953,264.33,76.323,1.6139999999999999,361.68,-1.072,-4.442,263.038,,,,,,
2019-05-29,4.454,-2.8449999999999998,257.469,254.831,593.101,621.354,378.815,730.687,749.499,373.833,435.597,21.861,654.668,340.666,374.912,624.636,,,3.425,1037.336,325.875,1.9,513.313,256.177,-4.318,157.82,265.804,78.48,1.52,371.154,-0.971,-4.514,263.074,,,,,,
2019-05-30,4.369,-2.714,258.182,256.497,584.904,613.404,369.387,721.252,740.704,365.828,429.036,21.936,643.455,338.174,365.789,614.361,,,5.159,931.018,318.767,1.974,502.523,253.042,-3.758,150.796,261.4,78.472,1.669,351.446,-0.788,-4.2780000000000005,249.871,,,,,,
2019-05-31,4.551,-2.7030000000000003,266.462,271.091,590.902,621.94,376.989,729.915,744.29,374.965,435.501,22.008,650.006,338.727,370.775,620.653,,,3.7439999999999998,901.358,325.094,2.212,512.845,255.689,-4.088,157.986,264.977,77.879,1.8519999999999999,357.537,-0.619,-4.28,258.092,,,,,,
2019-06-03,4.374,-2.745,267.712,275.176,592.891,615.904,378.202,730.929,746.416,377.389,435.864,22.045,650.04,338.95,373.105,622.49,,,3.785,851.645,326.284,1.9969999999999999,506.76,257.211,-4.205,160.79,266.061,79.481,1.6059999999999999,357.288,-0.761,-4.348,257.433,,,,,,
2019-06-04,4.561,-2.823,262.818,273.901,577.76,580.479,368.602,705.069,724.851,363.491,423.1,22.278,618.541,322.936,358.665,595.326,,,3.7199999999999998,699.98,316.248,1.943,481.991,254.712,-4.254,149.467,260.471,74.793,1.597,321.255,-0.783,-4.436,246.398,,,,,,
2019-06-05,4.468,-2.791,252.476,255.799,565.826,564.253,354.342,696.858,708.76,349.978,414.551,22.203,600.443,304.408,348.587,577.954,,,3.535,608.773,302.946,1.955,478.838,240.786,-4.341,130.077,250.722,71.95,1.316,294.751,-0.855,-4.394,236.801,,,,,,
2019-06-06,4.294,-2.768,245.13,250.828,562.168,554.173,336.546,692.848,705.951,338.716,407.651,22.125,596.186,300.612,336.328,572.576,,,4.079,632.538,296.248,1.912,475.619,232.791,-4.094,124.587,248.911,71.038,1.482,287.229,-0.586,-4.37,229.044,,,,,,
2019-06-07,4.287,-2.565,237.458,248.906,557.819,548.285,335.627,687.312,701.405,331.994,404.336,22.393,590.86,296.926,332.239,564.619,,,4.049,575.547,294.181,2.218,470.076,233.221,-3.998,122.969,249.463,69.41,1.469,282.653,-0.56,-4.437,226.639,,,,,,
2019-06-10,4.131,-2.634,233.438,237.888,549.005,539.279,319.458,676.854,693.434,319.112,392.467,21.857,578.378,295.019,316.811,555.829,,,3.162,511.147,285.035,1.791,457.628,228.582,-4.224,109.892,239.693,67.312,1.558,273.607,-0.37,-4.466,210.797,,,,,,
2019-06-11,4.349,-2.531,229.532,237.271,546.927,534.562,305.656,674.202,690.534,306.987,378.784,22.373,572.087,294.437,306.764,551.834,,,4.608,511.951,275.542,2.074,453.252,217.577,-4.117,100.128,230.857,66.68,1.58,268.782,-0.578,-4.281,205.607,,,,,,
2019-06-12,4.35,-2.6310000000000002,226.553,229.209,552.088,539.328,320.266,680.724,696.894,318.956,387.956,22.324,579.168,297.443,321.427,561.123,,,4.554,536.716,284.628,2.051,463.752,226.196,-4.078,106.06,233.557,66.82,1.499,277.872,-0.846,-4.248,217.309,,,,,,
2019-06-13,4.304,-2.672,215.361,215.172,553.046,535.536,315.878,678.346,696.4,315.32,379.437,22.208,576.447,297.448,316.891,559.332,,,6.313,525.347,283.273,1.959,461.457,222.674,-4.086,104.316,234.08,66.817,1.434,273.657,-0.912,-4.163,214.63,,,,,,
2019-06-14,4.292,-2.654,211.353,211.85,555.844,540.7,313.31,679.369,700.673,313.337,376.844,22.317,579.112,297.937,314.109,562.645,,,3.834,517.04,279.725,1.897,464.997,220.704,-4.294,103.876,233.156,65.925,1.496,273.129,-0.336,-4.338,213.52,,,,,,
2019-06-17,4.192,-2.5220000000000002,208.56,212.73,552.606,539.444,310.249,676.826,697.044,310.605,375.728,22.273,576.548,296.859,312.95,560.981,,,4.96,514.113,277.82,2.091,460.965,214.236,-4.13,102.706,227.442,65.432,1.3940000000000001,273.044,-0.619,-4.097,209.445,,,,,,
2019-06-18,4.089,-2.874,196.99,203.072,530.675,515.845,287.211,637.373,661.277,290.575,361.606,22.053,533.967,281.33,291.859,525.266,,,3.225,376.619,263.504,2.016,428.596,201.327,-4.446,91.886,212.338,63.062,1.232,247.892,-1.076,-4.354,197.134,,,,,,
2019-06-19,4.101,-2.768,174.207,156.951,507.386,495.246,261.122,600.432,629.251,260.703,339.302,21.964,511.946,269.58,276.562,505.916,,,5.376,277.883,241.725,1.9260000000000002,405.398,186.674,-4.461,88.312,201.348,62.109,1.3940000000000001,233.971,-0.55,-4.068,180.384,,,,,,
2019-06-20,3.711,-2.882,145.392,132.899,493.548,486.429,254.05,585.401,620.998,260.602,333.121,21.852,506.623,261.698,275.558,497.315,,,3.673,319.762,239.215,1.564,394.45,177.832,-4.552,85.642,196.718,57.296,1.076,248.627,-0.515,-4.381,180.935,,,,,,
2019-06-21,3.826,-2.683,146.822,136.389,508.65,506.434,260.889,615.84,639.431,265.464,337.777,22.034,515.391,261.737,281.347,508.521,,,3.928,374.319,243.068,1.8639999999999999,404.464,178.202,-4.326,89.767,198.727,56.105,1.322,261.572,-0.526,-4.39,186.131,,,,,,
2019-06-24,3.705,-2.802,139.077,131.393,511.724,507.877,260.496,617.111,643.204,268.96,340.427,22.154,515.629,260.323,282.917,509.555,,,5.134,364.34,246.589,1.689,409.861,176.131,-4.421,90.972,200.512,56.17,1.203,262.874,-0.278,-4.348,185.579,,,,,,
2019-06-25,3.892,-2.724,141.366,133.183,524.314,519.336,264.947,625.058,653.707,273.745,344.928,22.006,531.223,259.769,290.545,523.735,,,3.86,465.904,251.686,1.733,424.319,181.776,-4.47,98.608,208.158,55.551,1.151,277.836,-0.30000000000000004,-4.217,188.721,,,,,,
2019-06-26,3.8369999999999997,-2.7359999999999998,150.238,135.694,522.932,517.239,273.825,620.43,651.622,286.327,350.016,21.827,529.231,260.648,299.435,522.379,,,4.943,478.359,260.227,1.653,423.986,192.134,-4.548,107.606,213.493,55.968,1.316,277.796,-0.214,-4.44,198.209,,,,,,
2019-06-27,3.922,-2.783,143.976,129.447,518.652,513.614,267.592,609.157,649.793,277.903,344.07,21.925,527.211,261.569,293.396,515.696,,,3.358,426.4,254.24,1.8940000000000001,414.52,189.755,-4.271,110.49,214.986,54.775,1.142,270.878,0.221,-4.226,191.426,,,,,,
2019-06-28,3.8040000000000003,-2.855,141.986,133.179,510.45,502.313,250.791,601.402,644.626,265.097,335.443,21.954,516.902,259.715,282.997,499.48,,,3.023,343.438,245.24,1.544,406.366,177.152,-4.12,105.384,210.082,53.506,0.9560000000000001,256.611,-0.544,-4.441,183.49,,,,,,
2019-07-01,3.821,-2.968,126.25,123.403,503.185,492.684,232.352,586.681,632.952,242.167,322.291,21.746,502.51,256.043,269.352,491.081,,,4.347,173.122,232.963,1.568,395.299,163.769,-4.458,99.877,201.336,52.444,0.8230000000000001,245.838,-0.041,-4.2,177.058,,,,,,
2019-07-02,3.816,-2.908,125.869,119.93,498.456,488.993,228.731,581.63,630.739,240.398,319.91,21.764,500.39,252.452,267.764,489.527,,,3.696,115.259,228.261,1.725,394.494,161.791,-4.185,97.515,199.634,51.746,1.088,245.54,-0.353,-4.308,177.481,,,,,,
2019-07-03,3.816,-2.802,105.716,105.77,487.561,472.892,224.26,565.708,620.89,237.503,318.116,21.762,488.811,243.906,265.521,475.567,,,5.4030000000000005,85.156,222.654,1.558,380.696,158.539,-4.024,97.028,198.974,49.306,1.085,239.775,-0.311,-4.118,175.81,,,,,,
2019-07-04,3.914,-2.747,98.236,104.722,479.355,464.454,224.859,557.39,613.652,237.553,316.876,21.827,481.494,237.871,265.557,467.428,,,3.96,59.862,220.802,1.6480000000000001,374.997,153.904,-4.099,93.943,195.536,45.069,1.072,231.237,-0.007,-4.631,176.619,,,,,,
2019-07-05,3.729,-2.909,94.271,102.66,480.11,466.114,231.141,560.048,614.143,243.2,318.73,21.626,482.454,235.535,273.516,466.909,,,5.691,124.826,226.642,1.508,388.195,155.364,-4.346,93.332,191.793,42.013,0.983,240.855,0.586,-4.04,183.085,,,,,,
2019-07-08,3.867,-2.858,99.705,105.52,496.457,481.615,245.35,577.234,628.278,258.721,329.072,21.345,503.684,235.251,284.41,490.842,,,3.891,326.433,237.392,1.655,413.061,166.998,-4.246,100.49,200.928,42.199,1.344,266.568,0.107,-4.417,191.795,,,,,,
2019-07-09,3.66,-2.84,100.96,107.812,503.863,496.11,254.101,588.64,632.162,273.097,334.27,21.406,519.733,235.878,292.417,503.588,,,5.092,476.611,248.724,1.546,426.844,174.798,-4.326,112.413,209.504,41.913,1.143,281.287,0.271,-3.9779999999999998,199.028,,,,,,
2019-07-10,3.838,-2.677,99.266,106.4,498.858,488.594,252.082,582.338,628.284,268.608,328.039,21.581,512.763,236.17,287.867,497.347,,,4.709,442.169,243.569,1.6099999999999999,423.402,176.138,-4.303,115.593,206.424,40.238,1.154,266.187,0.052000000000000005,-4.314,198.968,,,,,,
2019-07-11,3.739,-2.543,87.472,102.199,489.763,478.328,242.778,569.763,618.867,256.167,315.666,20.918,503.18,233.572,277.331,489.029,,,6.724,348.884,233.172,1.6,416.075,173.609,-4.129,110.472,194.982,38.654,1.272,257.001,0.211,-4.516,193.139,,,,,,
2019-07-12,3.6630000000000003,-2.446,85.634,94.854,486.904,477.406,241.033,568.591,617.858,252.52,314.303,21.195,501.725,231.914,275.335,487.946,,,3.221,323.409,231.394,1.568,412.925,174.383,-4.184,109.919,193.951,38.731,1.078,255.505,0.061,-4.407,192.103,,,,,,
2019-07-15,3.485,-2.511,85.194,92.412,490.305,481.291,241.931,573.549,622.33,253.058,316.064,21.037,505.845,231.496,276.437,491.575,,,4.269,309.062,231.756,1.3679999999999999,418.154,177.179,-4.324,111.909,195.517,36.778,1.098,260.733,-0.124,-4.543,192.461,,,,,,
2019-07-16,3.584,-2.613,90.62,95.019,493.477,485.498,242.244,578.018,625.485,252.897,314.038,21.131,510.696,232.709,276.74,498.356,,,4.485,337.825,230.859,1.409,425.327,178.497,-4.354,112.058,195.402,37.457,1.21,265.895,-0.261,-4.432,190.559,,,,,,
2019-07-17,3.446,-2.52,96.995,96.478,509.227,503.625,246.889,595.898,649.165,261.458,317.914,21.051,526.034,234.105,283.013,513.961,,,3.442,432.303,238.24,1.462,442.235,182.204,-4.226,117.059,206.787,37.091,1.117,274.899,-0.02,-4.427,193.706,,,,,,
2019-07-18,3.464,-2.692,109.126,115.906,516.276,509.967,259.106,606.663,651.304,274.705,323.53,20.885,534.172,235.502,292.554,523.44,,,2.979,475.699,249.475,1.501,452.677,191.875,-4.419,122.13,217.171,39.072,1.233,281.816,-0.219,-4.303,206.746,,,,,,
2019-07-19,3.394,-2.682,112.298,124.961,504.772,501.391,260.648,595.763,641.769,273.173,322.348,20.808,522.516,235.795,293.235,510.219,,,2.637,356.068,249.626,1.302,440.202,191.22,-4.235,123.031,220.386,39.232,1.166,265.98,-0.121,-4.548,208.733,,,,,,
2019-07-22,3.283,-2.767,110.823,121.837,506.173,500.445,262.663,596.977,643.873,272.167,322.425,20.915,523.046,233.078,293.765,511.828,,,3.06,372.988,250.15,1.32,440.993,193.466,-4.348,122.591,221.425,38.104,1.006,264.259,0.013000000000000001,-4.468,206.653,,,,,,
2019-07-23,3.357,-2.592,97.038,110.374,497.242,488.747,255.113,588.066,630.507,265.152,315.133,20.908,508.331,230.302,288.188,499.25,,,2.797,256.125,248.71,1.464,428.415,191.438,-4.188,118.823,215.525,36.125,1.089,251.448,0.327,-4.588,201.823,,,,,,
2019-07-24,3.418,-2.62,89.105,103.637,486.147,479.614,244.847,583.445,622.199,253.45,304.756,20.777,498.611,227.705,276.981,490.356,,,5.034,165.803,242.002,1.383,415.334,185.636,-3.856,113.669,206.924,32.506,1.011,241.393,-0.004,-4.524,185.565,,,,,,
2019-07-25,3.367,-2.733,83.911,88.467,485.22,479.471,224.704,579.59,626.357,237.981,288.534,20.977,493.109,227.581,261.437,487.504,,,2.793,160.12,229.985,1.232,413.148,176.312,-3.734,89.852,194.55,29.859,1.049,235.998,0.332,-4.421,170.449,,,,,,
2019-07-26,3.149,-2.88,89.875,96.575,485.719,479.678,234.356,579.805,629.816,244.997,296.721,20.688,492.9,226.793,269.063,486.103,,,4.551,189.068,235.474,1.173,414.641,177.342,-4.147,102.202,197.321,29.111,0.8240000000000001,234.827,0.14300000000000002,-4.565,174.732,,,,,,
2019-07-29,3.262,-2.666,105.679,104.311,489.37,482.407,243.187,582.581,634.017,250.205,303.912,20.902,497.015,226.639,273.794,489.43,,,2.126,263.143,243.591,1.315,416.102,179.63,-3.926,101.793,201.155,27.117,1.015,240.666,-0.304,-4.409,176.898,,,,,,
2019-07-30,3.174,-2.615,139.89,131.804,497.483,491.691,257.656,594.286,644.631,270.664,324.287,20.661,507.996,232.636,289.666,500.766,,,1.953,374.408,257.645,1.278,431.737,191.222,-3.7880000000000003,120.036,215.516,28.316,1.014,254.246,0.006,-4.357,190.078,,,,,,
2019-07-31,3.058,-2.599,129.248,137.041,498.78,493.397,263.02,596.106,653.436,273.775,325.428,20.729,509.989,232.196,291.338,502.517,,,2.358,370.527,261.56,1.286,432.512,191.1,-3.823,117.707,218.745,27.348,1.055,253.596,0.59,-4.246,192.26,,,,,,
2019-08-01,3.022,-2.565,137.09,138.973,500.564,497.55,276.348,599.912,658.623,286.507,329.674,20.835,514.111,232.417,293.274,506.593,,,2.565,389.169,268.09,1.6019999999999999,434.216,195.683,-3.803,116.611,221.938,28.831,1.064,257.638,0.586,-4.364,200.43,,,,,,
2019-08-02,2.6550000000000002,-2.368,162.961,164.215,516.497,515.649,295.978,621.147,677.961,307.232,347.322,20.694,528.83,238.213,306.638,522.262,,,2.455,548.316,287.009,1.339,452.45,208.684,-3.702,127.846,230.479,30.488,1.161,280.652,0.295,-4.245,214.181,,,,,,
2019-08-05,3.099,-2.505,208.184,186.76,538.459,536.056,312.114,646.434,700.677,322.795,363.888,20.708,549.458,245.804,322.508,545.316,,,2.327,755.213,302.309,1.194,477.063,219.381,-3.797,141.548,241.336,31.59,1.004,312.263,0.334,-4.068,224.565,,,,,,
2019-08-06,3.336,-2.318,203.079,216.106,543.919,531.538,290.755,639.791,705.855,296.92,346.31,20.774,546.091,248.811,306.89,542.976,,,2.843,630.29,285.796,1.297,476.767,213.173,-3.602,133.493,234.887,32.254,1.287,304.399,0.20600000000000002,-4.178,210.496,,,,,,
2019-08-07,3.245,-2.348,209.036,220.189,549.847,531.156,281.477,639.579,714.437,287.398,342.25,20.631,546.394,248.61,300.689,540.813,,,3.6189999999999998,490.865,278.375,1.205,475.131,211.274,-3.715,117.898,230.421,31.891,1.008,300.404,0.934,-4.055,205.601,,,,,,
2019-08-08,3.13,-2.391,199.984,211.479,543.964,521.927,272.934,633.299,707.376,277.539,332.719,20.707,536.543,247.673,291.705,532.499,,,2.188,308.353,270.167,1.334,464.566,199.421,-3.476,108.503,222.834,31.521,1.131,288.018,0.859,-4.032,195.123,,,,,,
2019-08-09,3.242,-2.138,200.795,208.864,548.914,526.619,266.87,638.303,711.486,274.955,329.033,20.737,542.172,249.062,284.606,537.637,,,2.352,391.612,262.621,1.301,466.854,196.944,-3.632,108.779,223.246,31.147,1.086,297.096,0.9590000000000001,-4.112,192.207,,,,,,
2019-08-12,2.997,-2.103,202.93,210.159,553.001,535.367,263.425,643.86,716.708,269.342,326.706,20.7,557.005,248.54,283.017,549.075,,,2.4050000000000002,469.378,259.993,1.16,472.275,196.499,-3.699,108.164,222.745,30.184,1.207,309.353,1.186,-4.02,189.886,,,,,,
2019-08-13,3.157,-1.9929999999999999,209.053,222.361,560.92,549.532,272.851,656.84,726.691,277.745,331.854,20.63,571.248,253.767,288.213,560.001,,,2.684,633.78,265.096,1.239,479.606,200.85,-3.398,108.974,229.318,31.953,1.199,324.363,1.2730000000000001,-3.949,195.23,,,,,,
2019-08-14,3.191,-1.6,198.725,203.811,570.929,564.122,279.182,666.735,738.281,283.554,340.093,20.89,581.334,254.991,296.143,568.846,,,3.931,900.306,273.656,1.464,489.005,203.746,-3.441,112.465,232.886,33.742,1.422,337.033,1.663,-3.808,196.982,,,,,,
2019-08-15,3.169,-1.978,203.751,207.992,588.776,579.567,297.616,680.614,757.205,302.141,355.945,20.669,595.114,260.226,312.849,584.586,,,2.9210000000000003,1036.05,291.671,1.6,503.059,211.346,-3.7560000000000002,127.472,249.101,35.323,1.367,352.965,1.313,-4.189,220.684,,,,,,
2019-08-16,3.146,-1.8980000000000001,215.152,211.766,582.304,573.557,289.489,675.228,749.618,293.587,350.619,20.888,584.24,257.66,307.012,576.445,,,3.385,594.035,284.345,1.403,490.938,210.153,-3.51,125.523,247.973,35.067,1.143,340.322,1.6760000000000002,-4.062,212.011,,,,,,
2019-08-19,3.047,-1.807,194.206,201.82,572.51,563.888,277.934,664.082,736.213,278.162,335.347,20.496,574.272,253.719,291.73,566.808,,,3.14,560.924,270.547,1.418,475.106,198.448,-3.6,113.653,238.294,34.557,1.283,320.896,2.095,-3.589,196.319,,,,,,
2019-08-20,3.093,-1.409,182.664,168.907,569.594,558.431,269.901,662.283,735.537,270.388,328.524,20.946,570.529,252.938,285.646,564.905,,,3.07,504.155,266.224,1.576,467.258,194.429,-2.965,114.213,233.637,35.05,1.3860000000000001,310.487,3.223,-2.813,185.595,,,,,,
2019-08-21,3.527,-1.289,142.617,143.209,555.799,548.349,255.03,650.371,722.366,256.916,312.002,21.096,557.105,246.867,271.286,550.477,,,2.964,416.089,249.855,1.448,449.72,181.305,-2.783,96.023,223.18,33.739,1.471,280.352,3.497,-1.912,173.125,,,,,,
2019-08-22,2.957,-1.201,123.374,118.539,539.536,529.671,239.386,634.975,707.069,243.247,299.212,21.237,540.603,243.149,258.899,536.551,,,3.068,330.753,238.969,1.4020000000000001,426.392,168.944,-2.651,88.27,214.05,32.87,1.524,256.612,3.092,-1.921,156.328,,,,,,
2019-08-23,3.195,-1.474,122.176,116.725,539.279,529.702,239.337,634.407,705.989,241.979,296.379,21.657,537.533,240.145,256.212,534.0,,,1.584,292.736,237.135,1.663,425.4,171.359,-2.564,85.689,213.451,32.381,1.7389999999999999,250.939,2.654,-2.504,155.495,,,,,,
2019-08-26,3.23,-1.819,114.412,101.057,538.818,529.22,239.527,636.678,709.135,243.147,298.283,21.207,538.816,239.156,256.903,533.05,,,-0.9530000000000001,279.23,234.967,1.78,422.276,171.536,-2.628,82.158,215.233,32.389,1.812,249.766,3.225,-2.318,154.784,,,,,,
2019-08-27,3.045,-1.432,123.844,115.364,538.929,531.657,243.732,637.865,702.252,246.548,303.02,21.075,539.073,244.008,260.665,533.226,,,2.103,292.628,240.588,1.845,427.05,173.176,-2.6189999999999998,85.34,215.153,34.871,1.596,255.352,2.958,-2.485,159.927,,,,,,
2019-08-28,2.934,-1.362,107.903,108.628,539.609,532.454,251.121,638.939,701.711,252.244,310.142,20.977,538.216,242.518,267.49,533.303,,,0.459,307.564,246.209,1.5270000000000001,425.285,173.511,-2.66,85.758,216.359,37.455,1.524,251.1,2.925,-2.375,166.431,,,,,,
2019-08-29,3.023,-1.233,76.807,79.027,535.463,527.132,255.787,626.386,693.831,254.869,311.184,20.965,529.917,239.225,271.964,524.169,,,0.011,266.458,249.437,1.557,416.522,174.808,-2.612,85.886,215.874,37.717,1.495,237.606,3.15,-2.242,173.847,,,,,,
2019-08-30,2.92,-1.744,69.198,74.19,534.747,522.449,255.269,618.88,692.516,254.996,311.144,20.831,522.334,238.556,271.251,519.033,,,2.039,254.038,250.457,1.506,410.142,174.437,-2.89,86.566,215.729,39.26,1.376,230.248,2.773,-2.572,175.597,,,,,,
2019-09-02,3.009,-1.218,69.562,70.916,529.548,518.868,257.277,616.128,687.854,255.674,312.186,20.866,515.217,238.619,273.491,514.026,,,1.587,240.525,251.39,1.674,406.099,175.8,-2.521,88.955,217.124,42.013,1.6,228.804,3.599,-1.63,177.332,,,,,,
2019-09-03,3.188,-1.532,84.588,89.652,529.365,520.021,266.368,617.77,691.287,266.267,317.898,21.234,514.221,242.235,280.57,513.41,,,2.2,255.21,261.502,1.689,408.503,179.782,-2.7279999999999998,96.436,219.865,44.832,1.5390000000000001,233.327,4.284,-2.041,190.564,,,,,,
2019-09-04,2.969,-1.475,88.05,88.676,521.298,508.1,263.194,608.602,682.562,263.002,315.556,20.848,500.591,243.341,278.68,502.384,,,2.461,233.903,259.722,1.767,396.522,176.767,-2.567,94.772,217.238,45.291,1.474,220.442,3.706,-2.236,186.982,,,,,,
2019-09-05,2.76,-1.49,104.335,90.588,512.183,495.58,248.993,593.876,669.364,249.261,297.621,21.017,485.566,240.807,264.947,490.461,,,2.922,194.362,247.405,1.452,378.858,172.145,-2.505,88.76,209.303,44.591,1.458,211.164,3.4130000000000003,-2.159,175.516,,,,,,
2019-09-06,3.232,-1.574,120.268,98.448,516.012,501.511,256.524,601.94,681.867,258.185,306.17,21.039,486.863,240.555,272.254,493.258,,,2.425,243.858,252.057,2.1310000000000002,383.931,174.556,-2.568,92.034,213.444,45.175,1.584,214.58,3.008,-2.001,181.95,,,,,,
2019-09-09,3.172,-1.475,131.268,118.148,523.51,506.985,261.518,611.517,693.088,259.034,305.603,21.054,489.006,243.018,273.985,495.29,,,1.157,253.79,253.421,2.004,388.279,176.018,-2.471,95.447,213.17,46.286,1.396,216.579,2.74,-2.245,183.794,,,,,,
2019-09-10,3.284,-1.3519999999999999,144.26,124.411,530.192,505.011,264.702,611.233,690.958,265.249,308.682,21.191,489.362,250.372,275.676,493.413,,,2.12,299.09,258.035,2.098,397.005,177.67,-2.248,98.762,220.007,49.074,1.574,217.604,3.172,-2.07,186.425,,,,,,
2019-09-11,2.947,-1.5750000000000002,146.552,122.724,520.831,496.804,266.538,607.466,682.06,268.378,311.185,21.199,486.168,249.154,276.016,481.674,,,1.939,298.367,261.197,1.908,392.349,178.285,-2.309,98.365,220.563,49.136,1.436,215.429,2.7359999999999998,-2.021,189.008,,,,,,
2019-09-12,3.172,-0.908,120.293,104.933,481.452,459.937,216.598,568.902,639.797,220.09,276.316,21.155,447.094,240.259,232.619,444.552,,,3.421,143.913,214.038,1.952,356.568,150.951,-1.9849999999999999,75.689,198.493,48.844,1.017,184.471,3.951,-1.883,138.686,,,,,,
2019-09-13,2.383,-0.633,120.715,100.061,470.304,450.498,223.852,554.012,622.643,234.1,279.163,21.168,441.808,235.51,238.196,434.936,,,2.851,159.776,219.832,1.9020000000000001,348.152,151.834,-1.892,77.568,196.271,45.36,1.409,183.93,3.247,-1.7570000000000001,144.642,,,,,,
2019-09-16,2.775,-1.219,123.174,117.239,474.035,454.76,231.805,562.807,624.202,242.429,286.848,20.997,449.498,234.135,243.028,438.869,,,-0.598,189.685,224.402,1.916,353.535,153.733,-2.407,77.787,197.771,44.495,1.478,192.853,2.919,-2.496,151.155,,,,,,
2019-09-17,2.942,-1.175,131.163,128.624,478.76,464.966,240.323,573.076,627.027,252.539,294.234,21.176,456.965,236.784,251.664,451.726,,,-0.849,233.933,235.033,2.047,362.565,158.436,-2.223,83.535,202.19,47.958,1.759,211.39,3.099,-2.268,166.16,,,,,,
2019-09-18,2.862,-1.17,123.943,121.163,491.912,474.084,252.191,580.227,635.13,263.554,301.447,21.371,466.3,241.641,265.422,459.058,,,0.704,265.191,243.568,2.132,367.621,162.253,-1.943,92.517,208.318,48.496,1.701,220.006,4.064,-2.102,174.416,,,,,,
2019-09-19,2.769,-0.973,114.271,115.541,484.118,470.571,257.371,574.169,626.105,269.031,304.333,21.282,460.586,242.504,267.759,453.56,,,0.088,230.37,247.017,2.163,361.219,162.314,-1.912,91.291,206.647,48.006,1.738,210.112,3.541,-2.203,176.674,,,,,,
2019-09-20,2.617,-1.219,112.898,112.064,468.188,461.427,242.038,566.735,606.154,255.426,291.451,21.037,451.649,241.427,256.015,443.342,,,-0.8150000000000001,195.436,236.001,1.885,352.75,153.699,-1.73,87.245,201.312,48.041,1.788,199.99,3.3609999999999998,-2.22,161.264,,,,,,30.31
2019-09-23,2.644,-1.086,120.73,119.08,472.357,467.083,245.003,572.576,611.353,257.7,298.234,21.159,455.971,242.492,261.265,449.26,,,0.176,207.8,243.624,2.115,356.674,156.468,-1.725,89.588,204.341,48.259,1.8,205.378,3.7960000000000003,-2.309,164.212,,,,,,29.508
2019-09-24,2.77,-0.851,112.746,112.622,472.299,468.009,245.762,572.265,609.456,258.272,299.487,21.238,456.353,242.879,263.285,450.219,,,3.096,201.883,245.326,2.223,356.55,157.241,-1.494,88.956,203.634,49.486,2.061,204.943,3.857,-2.057,165.237,,,,,,29.018
2019-09-25,2.816,-0.98,115.221,112.05,480.256,476.008,253.853,578.522,613.864,267.084,305.739,21.391,465.552,245.067,272.409,457.68,,,2.212,267.005,255.153,2.298,365.434,159.639,-1.9889999999999999,93.709,203.465,48.646,2.053,216.605,3.798,-2.122,174.874,,,,,,28.455
2019-09-26,2.607,-0.714,110.279,107.206,478.702,475.97,250.181,577.584,612.53,260.886,301.747,21.382,465.15,243.801,270.79,458.349,,,0.8160000000000001,237.841,253.67,2.322,365.208,159.431,-1.683,91.684,200.189,47.511,2.038,215.879,4.024,-2.126,171.857,,,,,,28.798000000000002
2019-09-27,2.792,-0.85,111.027,108.062,479.14,476.274,246.66,575.415,613.035,253.942,297.849,21.311,465.55,242.883,266.23,458.105,,,1.917,234.281,250.224,2.237,365.104,158.611,-1.837,91.342,197.726,45.233,2.15,218.273,3.84,-2.329,168.887,,,,,,28.538
2019-09-30,2.7279999999999998,-0.805,113.457,111.545,478.213,475.226,242.491,574.157,611.699,249.057,296.798,21.243,465.303,240.288,266.057,457.54,,,-0.504,223.715,250.272,2.232,364.986,158.043,-1.708,89.443,195.0,43.863,2.247,216.875,4.12,-2.086,167.921,,,,,,28.513
2019-10-01,2.7960000000000003,-0.81,101.766,101.209,474.048,469.114,235.273,566.94,608.325,240.756,292.198,21.348,458.6,237.578,260.361,451.007,,,2.335,152.729,243.806,2.333,359.479,157.919,-1.877,91.083,193.754,42.865,2.255,208.129,4.133,-2.275,162.245,,,,,,28.645
2019-10-02,2.878,-0.8280000000000001,108.989,103.3,481.109,474.052,244.989,574.921,614.978,251.81,299.097,21.328,464.059,238.618,268.977,457.179,,,-0.762,201.758,250.965,2.316,367.297,160.77,-1.788,93.758,196.833,43.858,2.209,219.407,4.244,-2.122,174.53,,,,,,28.309
2019-10-03,2.614,-0.917,119.806,122.986,498.051,486.975,257.004,586.334,630.427,263.312,306.29,21.263,475.836,239.996,280.106,470.036,,,5.399,223.711,259.232,2.104,376.284,168.29,-1.7389999999999999,99.745,202.199,44.198,2.157,236.446,4.119,-2.056,184.995,,,,,,28.017
2019-10-04,2.747,-0.744,147.79,147.602,502.643,487.913,254.656,587.503,632.532,258.08,304.425,21.298,478.284,239.49,278.573,473.502,,,-1.167,277.91,257.081,2.322,380.552,167.832,-1.709,100.513,198.992,43.699,2.197,236.297,4.057,-2.227,184.161,,,,,,27.156
2019-10-07,2.698,-0.81,155.767,153.137,500.907,485.946,254.464,585.044,630.491,259.827,303.893,21.149,477.447,238.376,278.553,472.304,,,2.002,234.774,257.301,2.39,377.075,169.499,-1.313,101.425,198.321,44.151,2.3810000000000002,235.042,4.157,-1.827,183.172,,,,,,26.088
2019-10-08,2.79,-0.87,170.105,164.597,507.202,491.659,258.622,589.263,635.349,265.863,307.667,21.144,481.306,238.329,285.529,477.249,,,-0.595,329.139,263.966,2.467,382.225,170.715,-1.3,105.083,201.993,44.555,2.411,237.086,4.092,-1.879,190.062,,,,,,26.113
2019-10-09,2.91,-1.148,159.135,156.036,508.209,491.897,260.061,585.558,632.917,267.815,303.324,21.111,479.138,236.755,285.756,476.429,,,0.094,284.489,263.132,2.388,381.821,168.553,-1.117,105.146,200.346,45.215,2.385,240.086,3.896,-1.677,189.864,,,,,,25.694
2019-10-10,2.55,-0.801,136.081,144.298,497.777,480.043,259.699,573.029,621.5,263.996,301.263,21.461,468.363,235.801,280.658,464.949,,,2.747,195.208,259.664,2.968,367.495,164.319,-0.9510000000000001,100.818,195.299,44.916,2.63,228.087,3.815,-1.49,184.953,,,,,,25.72
2019-10-11,2.578,-0.934,126.608,128.522,469.544,454.739,250.516,547.588,584.844,254.864,296.196,21.102,449.42,225.798,272.898,442.135,,,-0.594,62.483,250.464,2.242,336.178,159.629,-1.426,99.651,188.627,40.325,2.232,207.02,3.308,-2.095,176.586,,,,,,25.569
2019-10-14,2.727,-0.645,124.003,127.764,469.326,451.392,248.439,541.581,583.851,254.134,297.893,21.124,451.687,222.965,271.436,444.511,,,1.619,42.155,249.217,2.477,332.487,160.331,-1.146,98.085,188.629,40.999,2.481,207.62,3.605,-1.763,173.536,,,,,,25.891
2019-10-15,2.648,-0.659,106.011,103.036,457.919,438.658,245.431,527.122,569.162,251.028,295.047,21.005,441.681,217.484,267.725,434.637,,,2.373,-19.359,246.209,2.35,314.719,158.336,-1.104,98.397,184.781,40.279,2.338,195.538,4.038,-1.796,171.09,,,,,,25.728
2019-10-16,2.751,-0.34400000000000003,97.453,97.373,451.646,434.571,240.514,521.155,561.679,245.871,291.248,21.001,439.441,213.702,263.057,431.778,,,1.895,11.895,242.21,2.29,312.825,155.358,-1.324,97.106,180.934,39.543,2.066,196.687,5.012,-1.816,166.76,,,,,,25.827
2019-10-17,2.699,-0.604,107.771,112.136,451.972,433.301,238.286,518.332,562.704,245.53,291.484,21.058,438.266,212.346,260.584,431.62,,,2.933,12.253,239.176,2.428,307.066,154.636,-1.4849999999999999,95.095,180.558,39.62,2.074,197.452,5.33,-1.752,165.036,,,,,,25.836
2019-10-18,2.747,-0.304,105.084,108.577,451.829,432.241,236.947,515.995,563.491,246.253,289.72,21.101,438.478,211.817,258.921,430.245,,,0.594,46.104,238.556,2.399,308.606,153.176,-1.149,93.917,178.071,38.706,2.577,204.288,5.514,-1.816,163.304,,,,,,25.494
2019-10-21,2.742,-0.659,98.284,95.791,441.777,427.022,234.618,507.082,557.025,241.146,287.209,20.964,432.916,210.746,253.166,421.528,,,0.524,4.854,234.278,2.532,301.781,149.643,-1.49,92.94,173.832,38.381,2.173,200.654,5.028,-2.148,160.759,,,,,,25.3
2019-10-22,2.813,-0.396,92.937,93.93,439.267,422.068,229.436,502.109,555.508,238.341,285.822,21.199,431.013,210.997,250.327,418.426,,,0.436,14.781,230.65,2.55,294.663,147.066,-1.2690000000000001,91.261,173.625,38.54,2.354,197.774,5.5600000000000005,-1.736,159.153,,,,,,25.243
2019-10-23,2.716,-0.436,91.487,93.243,440.601,420.882,223.398,498.521,555.771,234.353,284.775,21.045,430.181,211.294,244.86,418.295,,,0.492,15.008,228.613,2.331,293.351,147.879,-1.155,91.317,174.844,38.725,2.35,203.653,5.598,-1.986,156.331,,,,,,25.147
2019-10-24,2.672,-0.579,94.81,96.718,433.548,405.356,216.904,484.909,547.152,224.757,281.379,20.945,421.822,204.344,238.512,410.044,,,-0.8320000000000001,-21.953,225.105,2.473,279.459,146.963,-1.147,90.01,171.274,37.216,2.157,192.761,5.307,-1.952,153.116,,,,,,24.344
2019-10-25,2.786,-0.667,107.093,113.331,418.321,394.422,215.286,472.211,534.616,222.36,277.251,20.933,412.567,200.669,235.137,400.031,,,-0.833,-9.155,221.617,2.541,271.7,145.692,-1.429,88.102,166.504,35.618,2.111,186.976,5.115,-1.896,151.609,,,,,,24.426
2019-10-28,2.6310000000000002,-0.515,95.548,107.425,420.732,399.145,213.879,476.747,536.411,221.53,275.357,20.902,413.736,196.987,232.6,399.012,,,2.5460000000000003,36.991,220.506,2.472,278.08,144.808,-1.292,88.168,164.666,35.842,2.143,186.701,5.088,-2.0,151.102,,,,,,24.042
2019-10-29,2.742,-0.323,198.224,202.597,436.678,416.285,222.323,493.676,550.796,229.489,281.647,21.025,424.595,196.412,238.312,409.668,,,3.363,125.436,225.027,2.527,297.595,147.776,-1.108,89.644,169.953,36.579,2.358,197.217,5.146,-1.74,157.933,,,,,,23.793
2019-10-30,2.5869999999999997,-0.504,176.818,169.317,448.918,424.223,228.362,503.553,561.299,235.344,285.265,20.952,432.508,195.289,243.215,421.303,,,2.496,197.63,229.913,2.534,313.074,153.045,-1.272,90.154,175.075,37.698,2.227,205.243,5.042,-2.067,163.075,,,,,,23.682
2019-10-31,2.457,-0.651,175.796,172.414,450.296,424.823,231.723,503.259,563.033,241.209,293.038,20.908,433.71,194.118,251.239,424.061,,,-0.858,153.459,235.633,2.426,307.662,159.128,-1.488,91.196,180.715,36.456,2.072,202.709,5.464,-1.968,164.883,,,,,,23.57
2019-11-01,2.701,-0.682,180.212,173.688,444.965,417.953,230.527,496.797,558.249,239.861,290.962,21.072,431.093,193.056,249.725,419.521,,,3.053,106.378,235.081,2.7359999999999998,304.582,159.153,-1.2610000000000001,91.712,178.718,36.527,2.296,196.641,5.677,-1.738,163.374,,,,,,23.396
2019-11-04,2.458,-0.555,148.46,141.807,431.66,404.472,224.021,486.403,547.916,230.664,280.966,20.964,420.538,189.229,227.687,404.947,,,-1.377,-3.025,226.482,2.531,291.641,156.084,-1.3679999999999999,90.774,173.015,36.776,2.232,180.99,5.47,-1.7269999999999999,156.517,,,,,,22.201
2019-11-05,2.335,-0.633,134.321,127.326,427.075,400.06,217.878,477.526,543.205,220.643,271.004,20.812,416.928,186.898,228.232,399.099,,,-0.523,-23.082,220.873,2.691,287.23,151.525,-1.3,89.657,167.876,37.709,2.257,178.21,5.319,-1.662,152.528,,,,,,21.987
2019-11-06,2.394,-0.715,133.684,129.441,426.9,402.755,218.991,479.89,546.668,223.123,273.832,20.889,416.796,185.638,229.636,399.594,,,1.8399999999999999,-18.886,221.633,2.249,295.125,153.524,-1.588,88.032,171.636,37.062,2.019,178.125,4.964,-1.928,153.575,,,,,,21.634
2019-11-07,1.919,-1.116,130.591,125.613,422.917,397.874,221.013,472.402,541.778,225.444,272.13,20.847,409.629,184.223,230.262,393.937,,,0.437,-32.197,222.533,2.6390000000000002,293.566,159.707,-1.49,85.253,171.057,37.282,2.51,175.312,4.981,-1.706,154.687,,,,,,21.104
2019-11-08,2.259,-0.9590000000000001,141.692,133.087,430.747,406.51,230.527,482.17,548.957,241.46,284.536,20.847,417.557,184.398,244.319,401.156,,,0.226,30.56,234.815,2.404,299.178,166.458,-1.756,90.412,181.683,36.591,2.327,184.185,4.558,-1.862,161.031,,,,,,20.425
2019-11-11,2.326,-0.623,139.196,100.598,438.692,415.837,234.037,489.692,556.64,247.317,289.065,21.026,427.838,186.161,249.819,408.415,,,2.466,58.897,238.094,2.444,309.905,167.491,-1.4020000000000001,93.529,185.143,37.891,2.36,194.776,4.772,-1.749,166.441,,,,,,20.478
2019-11-12,2.254,-0.744,127.402,94.956,444.78,424.811,234.435,494.76,561.552,245.971,289.12,20.936,437.224,187.3,249.458,415.823,,,2.607,69.415,238.283,2.424,311.556,168.379,-1.5030000000000001,94.658,187.227,38.145,2.238,200.82,5.123,-1.987,165.576,,,,153.247,153.214,20.76
2019-11-13,2.205,-0.802,124.375,90.152,464.068,445.117,237.243,511.27,578.29,254.006,295.373,20.987,454.847,198.826,255.269,432.581,,,0.774,-29.411,244.871,2.32,331.747,170.212,-1.583,99.709,193.058,38.677,2.144,220.073,4.916,-1.975,170.174,,,,156.136,156.313,20.526
2019-11-14,2.196,-0.618,124.004,88.839,469.438,450.288,237.5,513.415,584.724,258.455,300.655,21.166,462.145,204.125,259.675,436.383,,,-0.038,-409.729,247.646,2.42,338.375,170.445,-1.31,101.508,197.017,39.181,1.943,217.522,4.827,-1.975,172.521,,,,160.407,160.383,20.355
2019-11-15,2.055,-0.8240000000000001,126.331,97.665,466.437,447.057,237.714,506.992,584.007,259.337,301.725,21.002,461.495,210.196,261.996,431.697,,,3.521,279.121,248.222,2.176,337.371,168.983,-1.691,103.613,197.777,42.089,1.991,212.078,4.7379999999999995,-2.057,170.986,,,,161.138,160.605,20.534
2019-11-18,2.032,-0.43,107.412,66.821,461.725,441.814,237.072,500.627,577.124,257.127,301.539,20.835,455.607,210.723,261.379,424.913,,,0.9560000000000001,234.388,247.181,2.226,330.134,168.608,-1.451,102.853,195.708,41.642,2.3,203.549,4.957,-1.686,171.574,,,,158.446,158.637,20.332
2019-11-19,2.067,-0.755,100.862,68.141,456.499,431.685,238.426,490.776,570.192,259.252,302.993,20.941,448.093,210.503,264.241,416.28,,,-0.5690000000000001,243.812,248.502,2.314,321.624,171.355,-1.465,106.063,197.014,42.453,2.677,196.693,4.681,-1.385,173.245,,,,155.329,155.534,20.535
2019-11-20,2.015,-0.752,107.381,79.26,462.214,438.578,242.219,499.062,576.052,267.068,305.539,20.755,454.744,212.923,270.729,421.896,,,0.548,261.122,256.256,2.003,328.884,176.744,-1.455,109.808,202.409,44.402,2.198,204.98,4.485,-1.5470000000000002,177.9,,,,157.512,156.519,20.496
2019-11-21,2.322,-0.776,106.958,68.675,457.005,433.577,240.401,494.338,573.156,266.298,303.57,21.018,450.035,215.254,269.111,418.178,,,0.723,251.17,255.581,2.528,326.949,174.8,-1.251,109.868,201.283,45.387,2.269,199.523,4.446,-1.452,176.97,,,,156.133,156.445,20.672
2019-11-22,2.213,-0.9380000000000001,97.763,62.266,454.356,430.05,241.125,490.325,568.421,260.34,304.592,20.642,446.771,214.881,265.903,413.25,,,-0.177,223.862,250.044,2.31,320.668,174.083,-1.268,108.71,200.182,45.355,2.383,198.27,4.55,-1.093,172.151,,,,155.833,156.618,20.881
2019-11-25,2.198,-0.9380000000000001,92.877,60.075,441.219,417.353,230.672,479.389,552.91,238.07,292.103,20.687,427.493,213.119,252.969,399.665,,,-0.383,197.794,235.729,2.539,311.184,166.389,-1.294,102.817,190.066,45.298,2.445,188.106,4.793,-0.937,160.617,,,,154.97,155.384,20.944
2019-11-26,2.284,-0.803,76.508,43.832,436.678,411.078,225.648,473.182,544.148,229.092,287.936,20.864,417.313,209.609,249.232,392.607,,,-0.015,176.543,225.504,2.448,309.003,162.996,-1.15,100.043,185.982,43.217,2.299,185.061,4.909,-0.775,157.742,,,,149.788,151.028,21.027
2019-11-27,2.466,-0.639,71.098,27.091,430.607,393.697,219.932,458.829,539.605,226.97,288.357,20.844,400.17,209.417,249.434,380.815,,,4.244,169.03,221.196,2.615,298.226,163.817,-1.376,102.761,187.889,42.549,2.427,177.595,5.225,-1.154,155.421,,,,143.414,147.363,21.336
2019-11-28,2.229,-0.548,65.427,39.941,432.094,393.242,208.479,456.807,539.762,218.65,279.189,20.761,398.155,208.284,237.345,381.418,,,3.164,153.11,208.075,2.427,295.112,165.57,-1.061,99.459,187.26,42.606,2.5300000000000002,175.978,5.173,-1.051,150.359,,,,139.07,141.272,21.272
2019-11-29,2.343,-0.402,55.062,34.951,428.384,390.693,200.848,455.08,540.229,214.713,272.281,20.802,393.924,206.535,233.873,376.537,,,3.999,142.289,205.003,2.709,290.724,163.789,-1.023,97.991,185.001,41.813,2.622,174.869,5.492,-0.725,148.618,,,,123.711,132.559,21.406
2019-12-02,2.404,-0.20400000000000001,59.913,14.762,426.323,390.271,203.516,453.518,536.048,211.403,267.834,20.814,392.096,206.742,229.438,373.211,,,4.573,169.283,203.521,2.716,297.748,159.722,-0.914,95.247,181.375,40.876,2.6630000000000003,175.115,5.888,-0.733,152.025,,,,122.401,129.565,21.75
2019-12-03,2.8609999999999998,-0.252,70.752,22.596,437.89,402.991,213.213,462.038,548.136,224.975,278.102,21.082,401.877,207.501,238.549,383.041,,,-1.6360000000000001,192.178,217.001,2.69,310.753,161.762,-0.743,99.725,192.014,40.402,2.735,187.889,5.631,-0.713,161.287,,,,127.96,130.61,21.618
2019-12-04,2.681,-0.035,44.208,-11.889,433.589,397.27,210.881,452.536,542.169,221.855,273.103,20.999,394.234,206.703,235.624,375.05,,,-1.553,175.264,215.065,2.842,307.653,161.75,-0.801,100.437,189.391,40.166,3.088,178.444,5.554,-0.712,159.27,,,,118.044,116.588,21.659
2019-12-05,2.77,-0.224,28.313,-7.549,424.644,388.651,199.266,442.667,532.138,210.408,264.16,21.128,380.27,202.852,224.437,363.978,,,0.514,138.332,208.275,2.719,301.253,155.396,-0.599,96.463,181.713,39.368,2.666,168.109,5.697,-0.497,150.671,,,,108.373,107.749,21.56
2019-12-06,2.685,-0.107,22.966,-34.771,418.717,375.739,193.695,431.273,522.804,203.017,256.471,21.134,369.212,197.925,215.665,353.939,,,1.995,143.958,203.965,2.745,295.877,153.665,-0.685,93.082,178.335,38.168,2.7960000000000003,164.796,5.491,-0.495,150.914,,,,107.139,107.603,21.88
2019-12-09,2.621,0.163,18.44,-23.182,411.913,371.003,185.178,425.993,515.866,195.444,251.468,21.092,365.193,195.724,210.706,348.447,,,4.162,131.742,198.125,2.858,289.605,149.98,-0.837,90.537,174.829,37.706,2.503,160.77,6.574,-0.627,145.252,,,,109.969,110.549,21.839
2019-12-10,2.649,0.171,20.424,-22.75,407.932,372.206,180.206,425.517,515.804,188.744,248.003,21.209,365.51,192.793,207.569,351.416,,,0.884,138.547,194.68,2.793,291.176,149.849,-0.5710000000000001,87.437,172.321,35.869,2.537,161.997,6.075,-0.495,142.779,,,,112.518,116.662,21.961
2019-12-11,2.7960000000000003,0.024,13.604,-30.228,406.92,372.734,183.335,426.614,514.439,192.442,251.567,21.111,366.688,192.21,212.235,356.552,,,2.7039999999999997,141.559,199.005,2.73,288.079,149.776,-0.808,85.099,173.634,35.142,2.523,161.582,6.518,-0.47700000000000004,147.499,,,,112.781,116.486,22.157
2019-12-12,2.774,0.306,23.91,-21.239,400.116,366.406,184.178,421.507,503.791,191.061,249.39,21.065,359.837,192.188,209.707,348.289,,,1.198,109.335,198.574,2.783,281.119,148.978,-0.495,81.987,169.175,35.659,2.419,151.839,6.523,-0.389,147.748,,,,119.019,123.487,22.107
2019-12-13,2.807,0.47300000000000003,16.379,7.417,385.731,349.47,175.898,404.878,487.475,186.611,247.147,21.307,341.437,184.585,205.924,333.408,,,5.484,57.849,193.697,2.938,261.036,143.756,-0.34600000000000003,79.788,165.344,31.957,2.478,143.207,6.452,-0.506,144.504,-27.085,-23.466,,116.573,118.358,22.294
2019-12-16,2.686,0.41100000000000003,22.412,11.905,384.701,348.2,174.795,402.7,484.345,186.324,245.911,21.069,338.704,178.738,204.751,330.77,,,1.491,31.803,192.325,2.577,255.89,141.722,-0.583,78.813,163.789,31.525,2.318,140.705,6.547,-0.387,144.43,-25.876,-22.935,,116.642,118.7,22.109
2019-12-17,2.709,0.032,20.198,17.016,391.734,357.907,177.414,412.359,491.527,186.948,246.833,20.995,347.658,178.408,204.015,337.646,,,1.6,89.742,192.65,2.747,261.582,141.578,-0.8270000000000001,76.522,163.424,30.03,2.357,153.672,6.351,-0.489,147.959,-25.738,-22.951,,118.346,119.348,22.069
2019-12-18,2.782,0.291,26.866,21.673000000000002,390.104,359.62,175.937,417.539,489.993,185.553,244.085,21.136,347.248,177.209,202.489,336.745,,,1.201,62.032,191.481,2.8040000000000003,264.616,140.251,-0.401,75.53,159.965,30.616,2.4859999999999998,158.979,6.856,-0.209,145.843,-25.392,-22.179,,124.383,123.933,22.19
2019-12-19,2.751,0.486,22.88,19.168,390.92,356.717,176.106,416.374,490.407,186.434,243.967,21.1,347.101,175.115,202.344,334.532,,,1.78,55.107,190.59,2.665,263.277,138.868,-0.588,72.637,156.893,30.409,2.337,153.809,7.258,-0.451,143.55,-26.996,-23.524,,128.079,127.209,22.458
2019-12-20,2.843,0.727,20.834,19.52,387.77,356.441,175.638,416.039,490.125,187.212,243.879,20.952,345.6,174.149,202.586,332.939,,,0.876,11.335,191.068,2.7199999999999998,261.557,137.852,-0.493,71.648,156.574,30.008,2.407,153.443,7.149,-0.76,144.626,-26.163,-22.888,,127.134,128.959,22.121
2019-12-23,2.745,0.708,6.953,6.055,386.903,356.303,172.407,414.408,490.439,185.258,242.184,21.325,344.882,173.562,201.252,330.742,,,4.77,16.209,187.603,3.122,261.269,134.811,-0.369,69.21,153.934,29.982,2.971,154.742,9.0,0.893,143.597,-27.614,-24.303,,124.975,124.698,22.397
2019-12-24,2.76,-0.242,20.594,7.251,388.133,355.248,172.873,414.811,490.621,186.359,243.117,21.063,343.022,174.846,200.765,331.681,,,-2.596,15.801,188.964,2.685,256.315,130.758,-2.274,65.178,153.397,28.082,2.124,146.451,7.005,-2.155,142.78,-31.775,-28.17,,127.118,127.869,22.468
2019-12-25,,,,,,,,,,,,,,,,,,,-2.594,,,,,,,,,,,,,,,,,,,,
2019-12-26,,,,,,,,,,,,,,,,,,,-2.545,,,,,,,,,,,,,,,,,,,,
2019-12-27,2.635,-0.03,-3.054,1.6640000000000001,384.263,355.035,173.33,413.593,485.416,186.092,242.651,20.887,339.064,174.464,201.088,324.723,,,0.8140000000000001,-186.084,186.867,2.668,244.626,133.115,-1.07,64.831,154.904,28.651,2.285,151.575,6.305,-0.515,143.139,-32.523,-29.273,,125.238,124.738,22.288
2019-12-30,2.839,0.41300000000000003,0.626,4.393,381.124,351.056,169.543,409.205,485.132,181.81,238.321,21.175,339.31,172.614,196.504,322.435,,,-2.648,-66.322,182.812,2.916,251.957,130.286,-0.263,63.499,148.517,30.084,2.7030000000000003,150.455,6.803,-0.251,139.105,-28.833,-25.377,,125.283,124.415,22.72
2019-12-31,2.273,0.111,-11.79,0.083,382.64,351.053,170.739,410.12,485.795,182.107,238.254,20.522,340.526,173.233,196.73,323.632,,,7.007,-33.759,183.083,1.863,254.131,129.535,-0.675,62.419,149.517,29.522,2.348,149.435,6.101,-0.9430000000000001,138.292,-27.075,-23.853,,125.715,125.25,21.655
2020-01-01,,,,,,,,,,,,,,,,,,,6.721,,,,,,,,,,,,,,,,,,,,
2020-01-02,2.9530000000000003,0.148,-16.031,-37.147,376.943,347.047,173.204,406.822,482.769,184.056,242.986,21.287,335.131,170.97,199.716,316.643,,,4.594,-133.527,186.529,3.041,244.12,132.13,-0.089,60.693,152.518,32.432,2.435,139.653,5.753,-0.041,138.293,-32.282,-27.811,,124.374,125.566,21.871
2020-01-03,2.803,0.217,-6.541,-33.508,380.882,352.202,176.206,410.885,487.276,188.582,249.838,21.109,339.237,170.38,206.156,321.547,,,3.012,-115.07,191.332,2.958,247.127,134.82,-0.09,60.813,155.91,32.284,2.568,142.534,7.44,0.598,139.784,-28.254,-24.96,,128.06,130.951,21.792
2020-01-06,2.802,-0.404,11.777,-23.55,379.147,354.592,187.462,410.746,486.097,197.948,256.392,21.047,339.024,170.393,214.065,322.279,,,2.898,-149.511,200.861,2.6790000000000003,248.532,136.883,-0.54,63.998,157.23,32.796,2.337,144.375,5.8870000000000005,0.14200000000000002,146.524,-27.969,-24.411,,134.089,136.603,22.277
2020-01-07,2.778,0.057,15.677,3.892,372.723,350.088,193.397,407.84,477.072,202.812,265.587,21.118,332.579,171.968,223.231,315.617,,,2.612,-126.029,206.567,2.871,238.565,138.323,-0.181,65.931,157.63,34.285,2.355,142.839,5.666,0.21,147.021,-28.623,-24.739,,139.154,140.237,22.137
2020-01-08,2.842,0.328,28.229,10.527,369.359,348.543,200.95,405.384,472.585,209.29,268.486,21.117,328.987,174.16,228.211,312.687,,,-0.302,-143.846,210.85,2.976,235.524,141.615,-0.001,70.11,157.811,35.275,2.424,145.033,6.091,0.378,153.973,-26.2,-23.35,,140.197,142.236,21.982
2020-01-09,2.7119999999999997,0.177,20.164,1.504,347.53,329.814,194.665,396.704,448.549,202.199,259.676,20.506,304.676,172.872,220.198,293.048,,,3.067,35.774,203.981,2.862,199.927,138.436,0.07200000000000001,67.775,153.473,36.616,2.448,130.764,5.719,0.6940000000000001,148.401,-26.667,-22.58,,138.305,138.871,21.738
2020-01-10,2.734,-0.105,20.661,3.58,343.128,324.859,191.931,400.332,445.906,200.739,259.1,20.436,300.712,170.577,219.144,287.555,,,2.46,58.451,202.169,2.693,197.783,138.581,-0.115,67.025,153.831,36.636,2.414,135.853,5.697,0.28200000000000003,146.917,-26.008,-22.798000000000002,,139.014,140.075,21.564
2020-01-13,2.649,-0.095,16.7,-0.128,339.382,322.974,189.536,401.889,445.645,198.468,255.679,20.326,298.296,171.279,217.421,285.905,,,-0.616,48.688,200.313,2.843,195.461,137.145,-0.012,66.703,151.006,35.314,2.394,133.509,5.473,0.124,145.607,-25.574,-22.193,403.67,137.702,137.331,21.625
2020-01-14,2.54,-0.29,24.438,1.306,341.722,328.292,190.314,410.494,450.399,198.9,255.547,20.498,299.927,166.817,218.332,291.507,,,-0.6940000000000001,63.083,201.492,2.855,206.022,138.365,-0.171,66.96,152.87,35.584,2.407,141.033,5.911,0.106,148.64,-27.508,-23.948,406.12,137.907,138.037,21.925
2020-01-15,2.48,0.249,25.374,6.03,345.695,334.545,189.68,416.713,454.472,199.842,256.556,20.502,304.624,165.385,220.354,298.429,,,1.2770000000000001,67.224,202.047,2.806,213.661,138.115,-0.083,65.741,154.695,34.838,2.534,147.787,6.347,0.099,146.386,-26.738,-23.674,410.907,139.24,140.723,21.46
2020-01-16,2.617,0.20500000000000002,11.84,-14.133,347.882,336.148,185.613,422.441,457.768,196.257,252.728,20.339,306.982,165.139,217.051,301.306,,,-0.584,45.093,198.012,2.815,215.129,136.273,-0.216,61.829,153.794,34.015,2.356,144.46,5.98,-0.067,144.156,-27.063,-23.442,413.039,138.418,138.477,21.011
2020-01-17,2.4859999999999998,0.117,-4.276,-21.278,341.792,322.286,179.345,404.891,448.549,187.833,246.313,20.107,299.078,163.386,209.582,291.676,,,0.078,42.82,190.001,2.702,202.513,134.39,0.14400000000000002,57.475,149.859,32.782,2.574,139.548,5.509,-0.171,140.386,-27.138,-23.608,399.461,137.284,135.289,19.893
2020-01-20,2.591,0.312,-10.089,-24.02,331.679,308.633,171.685,390.068,436.294,179.628,238.398,20.13,285.955,161.781,203.697,282.628,,,4.409,63.341,183.202,2.642,188.725,132.494,-0.127,57.415,149.09,31.809,2.528,135.474,5.7780000000000005,-0.098,134.911,-26.691,-23.284,384.206,136.287,134.04,19.84
2020-01-21,2.601,0.06,-8.954,-26.638,330.139,309.73,173.568,392.668,435.874,182.633,242.122,20.13,285.516,161.498,206.6,285.003,,,3.273,42.371,185.131,2.609,188.93,134.594,-0.17300000000000001,67.467,151.657,32.948,2.334,136.335,5.87,0.054,136.401,-25.613,-22.353,381.957,136.689,137.008,19.784
2020-01-22,2.373,0.138,8.904,-22.636,324.786,305.201,178.129,388.269,428.254,187.477,243.437,20.173,282.124,160.808,206.773,282.353,,,0.094,56.285,185.607,2.492,182.396,134.384,-0.21,66.449,154.654,32.487,2.481,134.438,5.675,-0.187,136.264,-27.073,-23.546,377.14,137.212,139.171,19.642
2020-01-23,2.294,-0.159,48.665,19.901,324.79,303.576,187.365,386.677,426.043,200.35,250.606,20.178,279.353,158.712,210.544,282.512,,,0.40800000000000003,38.185,192.473,2.556,184.487,136.414,-0.21,63.68,160.904,31.198,2.301,134.326,4.958,-0.884,140.591,-28.025,-24.299,380.574,140.488,144.5,19.557
2020-01-24,2.285,-0.045,65.737,20.448,324.379,303.478,194.163,384.796,424.891,207.779,255.814,19.859,276.927,158.06,215.521,281.6,,,1.178,36.139,199.489,2.321,184.708,140.389,-0.17400000000000002,68.703,173.607,30.596,2.195,129.529,5.243,-0.663,144.341,-28.535,-24.397,378.514,141.726,146.632,19.282
2020-01-27,2.247,0.047,139.901,111.498,339.839,325.307,210.376,406.772,442.245,227.504,269.519,19.867,295.325,160.029,229.053,300.148,,,-3.255,111.337,212.882,2.437,203.094,145.808,-0.258,76.289,188.379,31.374,2.311,147.053,5.193,-0.332,153.713,-29.209,-24.959,398.03,154.742,155.703,18.775
2020-01-28,2.1310000000000002,-0.059000000000000004,147.932,114.997,339.39,320.137,198.997,400.178,440.18,213.566,257.188,19.92,300.308,163.089,216.568,301.425,,,-2.895,53.312,208.139,2.5300000000000002,204.886,142.075,-0.07,72.159,182.532,31.932,2.571,149.762,5.248,-0.374,143.459,-29.731,-25.26,389.607,155.458,156.074,18.993
2020-01-29,2.14,0.01,125.739,106.294,336.311,315.068,193.247,390.087,438.513,207.155,256.398,19.975,295.435,162.249,211.981,298.724,,,-3.797,44.967,204.906,2.243,193.303,140.087,-0.36,69.86,180.378,30.994,2.153,143.457,4.906,-1.017,140.643,-26.78,-23.544,381.641,156.209,156.587,18.541
2020-01-30,2.084,-0.046,131.441,112.388,344.664,323.603,198.201,396.513,447.163,213.561,264.274,19.463,303.281,162.006,218.197,307.065,,,-1.597,51.428,212.431,1.897,201.193,142.853,-0.335,70.67,184.516,31.03,2.1,150.837,5.228,-0.548,145.706,-29.994,-25.385,388.678,158.03,159.486,18.151
2020-01-31,2.074,-0.105,147.015,123.369,347.378,326.478,198.677,400.0,450.761,214.701,266.859,19.462,307.88,160.859,220.188,310.224,,,-1.151,42.767,214.168,2.116,203.908,143.895,-0.368,70.121,186.28,30.701,1.971,149.714,5.101,-0.766,146.771,-31.943,-26.924,393.245,159.519,161.101,17.932
2020-02-03,1.992,-0.176,155.593,132.914,349.788,332.207,200.887,403.695,454.682,213.062,267.137,19.144,311.254,161.666,221.99,313.558,,,-4.409,79.616,214.678,2.189,211.316,144.465,-0.35000000000000003,70.168,186.713,30.674,2.117,146.967,5.041,-0.876,147.15,-32.479,-27.088,395.538,162.693,161.663,17.959
2020-02-04,1.9420000000000002,-0.029,155.789,123.681,339.218,318.901,193.097,389.017,440.751,202.641,256.784,19.116,298.82,160.131,213.447,302.545,,,-1.587,60.999,206.125,2.068,195.081,139.721,-0.32,68.565,176.433,31.102,2.026,141.166,5.059,-0.993,142.567,-32.614,-26.68,381.472,159.615,158.173,18.011
2020-02-05,2.01,0.043000000000000003,95.831,69.875,328.957,310.904,190.62,376.065,428.683,195.277,250.563,19.422,291.932,158.575,206.381,294.557,,,-0.352,70.707,200.571,2.366,185.615,135.431,-0.23,68.549,168.143,30.128,2.133,132.151,5.312,-0.637,140.07,-30.309,-25.224,368.778,155.287,150.042,17.929
2020-02-06,1.972,0.026000000000000002,75.695,62.726,307.061,288.155,188.006,350.861,398.33,191.509,247.077,19.235,272.895,154.723,203.884,273.713,,,-0.069,21.884,197.382,2.197,165.681,130.739,-0.342,65.619,164.333,30.016,2.142,116.474,5.495,-0.749,136.685,-30.959,-26.304,346.203,155.08,148.551,17.95
2020-02-07,2.021,-0.20400000000000001,63.471,49.646,311.543,291.35,189.19,354.882,403.209,192.327,248.72,19.22,276.852,153.539,204.831,276.762,,,-5.124,49.91,197.333,2.074,167.409,132.81,-0.517,66.0,165.515,30.124,1.96,119.068,4.86,-0.985,137.789,-30.319,-25.365,350.386,155.484,149.167,18.095
2020-02-10,1.905,0.017,69.734,47.489,314.896,293.526,193.639,362.281,407.995,196.152,252.897,19.041,282.056,154.552,209.231,282.098,,,-0.176,100.947,201.269,2.2720000000000002,171.243,134.445,-0.178,68.376,167.941,30.873,2.167,123.897,5.545,-0.493,143.775,-30.895,-25.616,357.263,157.278,150.866,17.968
2020-02-11,1.9500000000000002,0.169,55.923,32.192,309.522,283.462,187.97,347.638,401.03,191.08,244.41,18.946,273.061,153.408,204.4,276.97,,,-1.8439999999999999,87.792,197.098,2.226,166.972,134.162,-0.195,70.23,166.023,30.621,2.196,118.292,5.044,-0.601,139.947,-31.403,-25.719,346.17,155.431,147.245,17.872
2020-02-12,1.908,-0.007,45.418,16.978,302.719,272.583,183.585,334.522,391.989,186.472,239.834,19.051,266.785,153.098,200.007,273.043,,,-0.074,74.092,192.6,2.232,165.976,132.248,-0.167,70.281,164.343,31.363,2.179,118.104,5.728,-0.5740000000000001,138.409,-30.032,-24.919,336.035,153.167,145.018,17.915
2020-02-13,1.919,-0.054,34.502,-2.652,304.655,276.788,184.489,345.031,396.103,192.758,240.552,18.959,272.487,154.087,200.425,282.381,,,-1.318,97.064,195.447,2.18,169.702,131.107,-0.383,68.412,164.617,31.544,2.224,123.132,4.947,-0.376,139.544,-30.969,-24.825,345.398,153.703,145.437,17.865
2020-02-14,2.012,-0.056,12.271,-28.579,305.829,272.394,182.494,344.276,397.474,191.061,241.26,19.031,273.424,153.26,200.397,282.425,,,-1.772,137.617,196.499,2.015,170.486,131.159,-0.373,69.255,165.027,30.735,2.035,122.627,5.281,-0.487,138.471,-32.622,-27.512,345.98,153.758,143.999,17.842
2020-02-17,1.828,-0.306,37.411,-13.264,308.555,272.783,180.046,344.919,398.582,190.455,240.314,19.106,273.423,152.484,199.528,282.591,,,-1.9849999999999999,87.333,195.087,2.231,170.701,129.251,-0.65,69.169,162.948,31.282,2.068,119.645,4.682,-0.849,136.396,-32.703,-26.395,347.15,152.728,141.361,17.661
2020-02-18,1.9729999999999999,0.218,57.191,5.057,312.096,276.909,180.235,350.059,402.699,192.148,240.122,18.905,276.607,152.689,200.128,288.447,,,-0.7030000000000001,127.871,195.153,2.122,172.654,129.96,-0.41400000000000003,68.314,164.237,31.916,2.026,119.103,5.502,-0.097,135.662,-32.455,-26.691,350.454,151.37,140.348,17.14
2020-02-19,1.7570000000000001,0.044,52.854,-0.182,309.824,274.518,178.679,348.761,398.992,187.268,236.879,18.483,275.058,152.698,194.514,288.128,,,-4.858,94.079,191.106,2.12,169.704,128.519,-0.442,66.835,163.098,31.88,1.508,117.116,4.799,-0.467,132.247,-32.356,-26.279,350.165,151.531,141.684,17.207
2020-02-20,1.716,0.304,40.822,-2.612,310.307,275.972,172.488,352.045,400.368,185.518,235.637,18.558,277.557,152.664,193.32,293.724,,,-5.185,75.808,187.853,1.897,168.497,127.613,-0.52,63.975,163.664,31.43,1.9180000000000001,115.562,4.9879999999999995,-0.673,129.981,-32.463,-26.787,354.176,152.943,143.958,17.592
2020-02-21,1.701,0.017,53.439,6.014,314.181,281.53,170.325,361.037,405.965,182.043,232.156,18.321,285.916,151.949,191.457,303.917,,,-2.198,143.343,184.972,1.947,173.102,126.081,-0.541,65.117,161.901,31.133,1.828,116.882,5.105,-0.37,127.356,-32.438,-26.602,360.967,153.033,143.45,17.561
2020-02-24,1.5390000000000001,0.096,133.409,80.645,341.637,315.078,193.166,400.081,436.641,205.029,248.574,18.311,322.781,159.49,210.923,335.55,4.562,11.674,-4.447,319.146,202.91,1.9809999999999999,206.414,135.059,-0.241,85.012,182.122,33.322,1.959,166.036,5.379,-0.402,143.164,-34.997,-26.029,398.927,160.621,157.608,17.727
2020-02-25,1.496,0.219,146.65,100.335,356.002,326.345,202.909,418.111,446.305,216.326,256.747,18.325,334.637,166.404,223.018,349.294,5.019,12.164,-4.165,177.29,212.575,2.091,210.305,139.747,-0.353,92.794,190.774,34.982,1.869,175.574,4.966,-0.5730000000000001,153.276,-37.932,-30.451,410.927,164.022,161.002,18.102
2020-02-26,1.728,0.199,181.399,128.119,365.549,343.884,212.99,427.332,454.927,221.59,257.483,18.474,350.425,175.628,227.9,362.786,5.321,12.067,-5.085,106.34,217.754,1.931,214.591,153.938,-0.218,99.746,196.521,37.202,2.013,181.973,5.711,0.065,158.125,-35.721,-28.229,418.137,170.403,166.368,17.708
2020-02-27,1.939,0.309,201.76,122.544,394.719,386.569,228.638,477.505,484.057,240.704,272.22,18.582,392.161,192.585,242.755,404.074,5.352,12.424,-10.046,116.61,234.318,2.338,240.636,166.617,-0.075,115.086,212.475,41.428,2.328,219.522,5.188,0.169,165.687,-36.409,-29.656,465.142,173.51,173.114,18.108
2020-02-28,2.2640000000000002,0.396,315.911,248.212,421.856,426.753,240.302,515.227,506.224,272.933,292.081,18.707,427.475,228.208,266.325,443.171,5.499,13.268,-8.49,351.576,263.203,2.212,278.836,192.342,0.381,151.296,236.314,50.533,2.365,254.663,5.201,0.5720000000000001,206.075,-38.41,-30.141,493.695,190.107,190.541,18.506
2020-03-02,2.608,1.001,316.376,213.664,421.976,422.797,239.154,508.62,502.902,267.36,292.5,19.501,430.947,234.439,262.624,440.679,5.293,13.128,-8.832,58.594,261.012,2.483,279.486,198.247,0.666,149.824,243.182,54.404,2.496,243.974,5.879,0.876,203.829,-41.913,-29.416,485.613,193.061,191.647,20.073
2020-03-03,2.252,1.121,302.073,243.507,375.789,394.542,219.224,477.879,469.751,235.232,268.568,19.294,403.376,221.78,234.819,416.37,7.161,13.435,-4.546,-5.27,232.907,2.957,241.727,184.447,0.846,125.654,223.695,53.241,2.899,205.959,6.644,0.513,182.331,-41.783,-29.619,453.891,183.57,181.762,21.057
2020-03-04,2.933,1.007,166.128,177.87,374.041,373.111,216.785,462.881,472.425,230.489,264.855,19.316,386.778,208.925,231.758,399.573,7.366,14.316,-10.054,-107.354,228.274,3.345,230.223,183.085,0.453,115.88,221.777,49.137,3.1390000000000002,173.09,6.077,0.623,176.854,-42.595,-31.986,440.558,179.39,173.163,22.694
2020-03-05,3.258,1.589,221.776,210.763,403.503,388.383,230.397,484.864,497.952,247.585,275.533,19.755,396.838,210.641,244.636,415.978,7.513,13.985,-2.669,-76.673,247.075,2.362,249.574,190.168,0.709,133.639,231.257,48.861,3.197,193.078,7.503,1.373,192.187,-30.806,-27.535,470.119,177.756,169.221,22.414
2020-03-06,3.9530000000000003,1.113,314.183,301.823,446.978,439.265,238.915,530.39,537.66,285.686,295.254,20.681,444.578,232.585,270.774,460.667,7.505,15.013,-1.691,452.935,279.572,3.681,287.216,222.29,1.1360000000000001,181.242,267.75,56.858,3.936,242.985,7.119,2.214,228.077,-31.546,-25.816,515.507,185.763,183.888,23.618
2020-03-09,5.025,2.224,384.417,380.942,579.928,573.854,246.734,686.413,647.772,350.262,314.136,22.499,563.643,283.021,332.871,579.782,8.813,15.686,-6.028,4466.446,340.841,4.758,467.768,284.667,2.568,369.891,410.148,76.68,5.472,471.901,8.68,3.968,313.566,-40.299,-29.999,655.123,241.615,242.533,24.31
2020-03-10,5.335,3.097,378.786,378.756,554.233,537.475,241.278,654.892,626.764,333.714,305.188,22.637,529.033,285.023,321.293,550.78,10.762,17.089,-1.065,-895.422,333.379,5.207,436.013,276.773,2.724,279.265,351.886,76.899,6.198,401.295,9.855,4.31,294.732,-32.526,-24.968,624.409,239.974,236.88,25.627
